Cites,Authors,Title,Year,Source,Publisher,ArticleURL,CitesURL,GSRank,QueryDate,Type,DOI,ISSN,CitationURL,Volume,Issue,StartPage,EndPage,ECC,CitesPerYear,CitesPerAuthor,AuthorCount,Age,Abstract,FullTextURL,RelatedURL
50,"D Hajage, F Tubach, PG Steg, DL Bhatt…","On the use of propensity scores in case of rare exposure",2016,"BMC medical research …","Springer","https://link.springer.com/article/10.1186/s12874-016-0135-1","https://scholar.google.com/scholar?cites=118695439900431179&as_sdt=2005&sciodt=2007&hl=en",1,"2026-05-28 08:24:23","","10.1186/s12874-016-0135-1","",,,,,,50,5.00,10,5,10,"… the 95 % confidence interval of γ estimated from the model. … specifically the context of small sample size (ranging from … through propensity score analysis can be severely biased, in …","https://link.springer.com/content/pdf/10.1186/s12874-016-0135-1.pdf","https://scholar.google.com/scholar?q=related:S1O5q9-wpQEJ:scholar.google.com/&scioq=%22propensity+score%22+%22small+sample%22+bias+variance+simulation%7C%22propensity+score+matching%22+%22small+sample+size%22+performance+%22monte+carlo%22%7C%22inverse+probability+weighting%22+%22small+sample%22+coverage+%22confidence+interval%22&hl=en&as_sdt=2007&as_ylo=2016&as_yhi=2019"
2,"Y Abdia","Propensity score based methods for estimating the treatment effects based on observational studies.",2016,"","ir.library.louisville.edu","https://ir.library.louisville.edu/etd/2504/","https://scholar.google.com/scholar?cites=9911226182435508203&as_sdt=2005&sciodt=2007&hl=en",2,"2026-05-28 08:24:23","","","",,,,,,2,0.20,2,1,10,"… , inverse probability weighting (IPW), and … small sample size (n=100), the number of strata was reduced to four when ATT and ATE were estimated using the stratification. The simulation …","https://ir.library.louisville.edu/cgi/viewcontent.cgi?article=3606&context=etd","https://scholar.google.com/scholar?q=related:64-edLO_i4kJ:scholar.google.com/&scioq=%22propensity+score%22+%22small+sample%22+bias+variance+simulation%7C%22propensity+score+matching%22+%22small+sample+size%22+performance+%22monte+carlo%22%7C%22inverse+probability+weighting%22+%22small+sample%22+coverage+%22confidence+interval%22&hl=en&as_sdt=2007&as_ylo=2016&as_yhi=2019"
211,"Q Zhao, DS Small…","Sensitivity analysis for inverse probability weighting estimators via the percentile bootstrap",2019,"Journal of the Royal …","academic.oup.com","https://academic.oup.com/jrsssb/article-abstract/81/4/735/7048357","https://scholar.google.com/scholar?cites=3470797698988218328&as_sdt=2005&sciodt=2007&hl=en",3,"2026-05-28 08:24:23","","","",,,,,,211,30.14,70,3,7,"… propensity score matching (Rosenbaum and Rubin, 1983a), … The confidence interval that our procedure constructs has … Similarly, we can define the shifted propensity score and the …","https://arxiv.org/pdf/1711.11286","https://scholar.google.com/scholar?q=related:2JdvPx7AKjAJ:scholar.google.com/&scioq=%22propensity+score%22+%22small+sample%22+bias+variance+simulation%7C%22propensity+score+matching%22+%22small+sample+size%22+performance+%22monte+carlo%22%7C%22inverse+probability+weighting%22+%22small+sample%22+coverage+%22confidence+interval%22&hl=en&as_sdt=2007&as_ylo=2016&as_yhi=2019"
0,"M Wu","Causal inference in observational studies with clustered data",2016,"","scholarsarchive.library.albany.edu","https://scholarsarchive.library.albany.edu/cgi/viewcontent.cgi?article=2752&context=legacy-etd","",4,"2026-05-28 08:24:23","PDF","","",,,,,,0,0.00,0,1,10,"… We are particularly interested in propensity score method due to … To avoid negative impact due to small sample size, we set a … 95% confidence interval (-14.9,-33.3) for the ACE estimate. …","https://scholarsarchive.library.albany.edu/cgi/viewcontent.cgi?article=2752&context=legacy-etd","https://scholar.google.com/scholar?q=related:592jRco8sSMJ:scholar.google.com/&scioq=%22propensity+score%22+%22small+sample%22+bias+variance+simulation%7C%22propensity+score+matching%22+%22small+sample+size%22+performance+%22monte+carlo%22%7C%22inverse+probability+weighting%22+%22small+sample%22+coverage+%22confidence+interval%22&hl=en&as_sdt=2007&as_ylo=2016&as_yhi=2019"
942,"F Li, LE Thomas, F Li","Addressing extreme propensity scores via the overlap weights",2019,"American journal of epidemiology","academic.oup.com","https://academic.oup.com/aje/article-abstract/188/1/250/5090958","https://scholar.google.com/scholar?cites=7611361897640572235&as_sdt=2005&sciodt=2007&hl=en",5,"2026-05-28 08:24:23","","","",,,,,,942,134.57,314,3,7,"… the units in the tails of the propensity score distribution. Here we use simulations … small sample size of 500, both our asymptotic confidence interval and the bootstrap confidence interval …","https://academic.oup.com/aje/article-pdf/188/1/250/27238730/kwy201.pdf","https://scholar.google.com/scholar?q=related:SzXPtVH9oGkJ:scholar.google.com/&scioq=%22propensity+score%22+%22small+sample%22+bias+variance+simulation%7C%22propensity+score+matching%22+%22small+sample+size%22+performance+%22monte+carlo%22%7C%22inverse+probability+weighting%22+%22small+sample%22+coverage+%22confidence+interval%22&hl=en&as_sdt=2007&as_ylo=2016&as_yhi=2019"
54,"R Pirracchio, M Carone","… Super Learner: A robust adaptation of the Super Learner to improve estimation of the average treatment effect in the treated based on propensity score matching",2018,"Statistical Methods in Medical …","journals.sagepub.com","https://journals.sagepub.com/doi/abs/10.1177/0962280216682055","https://scholar.google.com/scholar?cites=8617125586187585125&as_sdt=2005&sciodt=2007&hl=en",6,"2026-05-28 08:24:23","","10.1177/0962280216682055","",,,,,,54,6.75,27,2,8,"… “Small sample size” scenario: similar to scenario B but using a smaller sample size of n = … a Monte Carlo approach. We refer to the latter interval as the empirical confidence interval—of …","","https://scholar.google.com/scholar?q=related:ZQakrRAulncJ:scholar.google.com/&scioq=%22propensity+score%22+%22small+sample%22+bias+variance+simulation%7C%22propensity+score+matching%22+%22small+sample+size%22+performance+%22monte+carlo%22%7C%22inverse+probability+weighting%22+%22small+sample%22+coverage+%22confidence+interval%22&hl=en&as_sdt=2007&as_ylo=2016&as_yhi=2019"
25,"ER John, KR Abrams, CE Brightling…","Assessing causal treatment effect estimation when using large observational datasets",2019,"BMC medical research …","Springer","https://link.springer.com/article/10.1186/s12874-019-0858-x","https://scholar.google.com/scholar?cites=4986195929358732663&as_sdt=2005&sciodt=2007&hl=en",7,"2026-05-28 08:24:23","","10.1186/s12874-019-0858-x","",,,,,,25,3.57,6,4,7,"… In the simulation study, propensity score methods produced … that had a 95% confidence interval containing the true effect … This may have been partly due to the very small sample size …","https://link.springer.com/content/pdf/10.1186/s12874-019-0858-x.pdf","https://scholar.google.com/scholar?q=related:dw3tnceGMkUJ:scholar.google.com/&scioq=%22propensity+score%22+%22small+sample%22+bias+variance+simulation%7C%22propensity+score+matching%22+%22small+sample+size%22+performance+%22monte+carlo%22%7C%22inverse+probability+weighting%22+%22small+sample%22+coverage+%22confidence+interval%22&hl=en&as_sdt=2007&as_ylo=2016&as_yhi=2019"
17,"L Lin, Y Zhu, L Chen","Causal inference for multi-level treatments with machine-learned propensity scores",2019,"Health Services and Outcomes Research …","Springer","https://link.springer.com/article/10.1007/s10742-018-0187-2","https://scholar.google.com/scholar?cites=5743226048748808468&as_sdt=2005&sciodt=2007&hl=en",8,"2026-05-28 08:24:23","","10.1007/s10742-018-0187-2","",,,,,,17,2.43,6,3,7,"… framework and several propensity score estimation methods. … is the 95% confidence interval coverage. We calculate 95% … methods generally perform well with a small sample size. …","","https://scholar.google.com/scholar?q=related:FGlxlKkJtE8J:scholar.google.com/&scioq=%22propensity+score%22+%22small+sample%22+bias+variance+simulation%7C%22propensity+score+matching%22+%22small+sample+size%22+performance+%22monte+carlo%22%7C%22inverse+probability+weighting%22+%22small+sample%22+coverage+%22confidence+interval%22&hl=en&as_sdt=2007&as_ylo=2016&as_yhi=2019"
0,"M Carone, R Pirracchio","… Super Learner: A robust adaptation of theSuper Learnerto improve estimation of the average treatment effect in the treated based on propensity score matching",2018,"Statistical Methods in Medical Research","ovid.com","https://www.ovid.com/journals/smmr/abstract/10.1177/0962280216682055~the-balance-super-learner-a-robust-adaptation-of-thesuper","",9,"2026-05-28 08:24:23","","10.1177/0962280216682055~the-balance-super-learner-a-robust-adaptation-of-thesuper","",,,,,,0,0.00,0,2,8,"… a Monte Carlo approach. We refer to the latter interval as the empirical confidence interval—of … Our simulation results highlight that the decreased bias was achieved at the expense of …","","https://scholar.google.com/scholar?q=related:7Hec6ir6_L4J:scholar.google.com/&scioq=%22propensity+score%22+%22small+sample%22+bias+variance+simulation%7C%22propensity+score+matching%22+%22small+sample+size%22+performance+%22monte+carlo%22%7C%22inverse+probability+weighting%22+%22small+sample%22+coverage+%22confidence+interval%22&hl=en&as_sdt=2007&as_ylo=2016&as_yhi=2019"
0,"Y Tang","Exploring the Joint Use of Propensity and Prognostic Scores for Bias Reduction in the Context of Small Educational Program Evaluations",2018,"","search.proquest.com","https://search.proquest.com/openview/c9edee8c56869316c7465e3b593e43da/1?pq-origsite=gscholar&cbl=18750","",10,"2026-05-28 08:24:23","","","",,,,,,0,0.00,0,1,8,"… , outcome measures, and propensity score estimation methods. … error (RMSE), and 95% confidence interval coverage rates. … with a small sample size. Many educational evaluations use …","https://d-scholarship.pitt.edu/downloads/be350816-8e7e-4dc3-9aa9-6b6849656288","https://scholar.google.com/scholar?q=related:Yd75sfC-D40J:scholar.google.com/&scioq=%22propensity+score%22+%22small+sample%22+bias+variance+simulation%7C%22propensity+score+matching%22+%22small+sample+size%22+performance+%22monte+carlo%22%7C%22inverse+probability+weighting%22+%22small+sample%22+coverage+%22confidence+interval%22&hl=en&as_sdt=2007&as_ylo=2016&as_yhi=2019"
119,"S Lee, R Okui, YJ Whang","Doubly robust uniform confidence band for the conditional average treatment effect function",2017,"Journal of Applied Econometrics","Wiley Online Library","https://onlinelibrary.wiley.com/doi/abs/10.1002/jae.2574","https://scholar.google.com/scholar?cites=9592773593346704984&as_sdt=2005&sciodt=2007&hl=en",11,"2026-05-28 08:24:23","","10.1002/jae.2574","",,,,,,119,13.22,40,3,9,"… regression models and two propensity score models. One of … This provides a valid confidence interval for each point of the … a result is an artifact of small sample size. The other issue is …","https://onlinelibrary.wiley.com/doi/pdf/10.1002/jae.2574","https://scholar.google.com/scholar?q=related:WIYtKsJgIIUJ:scholar.google.com/&scioq=%22propensity+score%22+%22small+sample%22+bias+variance+simulation%7C%22propensity+score+matching%22+%22small+sample+size%22+performance+%22monte+carlo%22%7C%22inverse+probability+weighting%22+%22small+sample%22+coverage+%22confidence+interval%22&hl=en&as_sdt=2007&as_ylo=2016&as_yhi=2019"
62,"ME Schnitzer, JJ Lok, S Gruber","Variable selection for confounder control, flexible modeling and collaborative targeted minimum loss-based estimation in causal inference",2016,"The international journal of …","degruyterbrill.com","https://www.degruyterbrill.com/document/doi/10.1515/ijb-2015-0017/html","https://scholar.google.com/scholar?cites=7604932170977497760&as_sdt=2005&sciodt=2007&hl=en",12,"2026-05-28 08:24:23","HTML","10.1515/ijb-2015-0017","",,,,,,62,6.20,21,3,10,"… flexible prediction for the propensity score can result in inferior … Simulation: true large-sample and Monte-Carlo-estimated … In small sample size, a small improvement in bias may come …","https://www.degruyterbrill.com/document/doi/10.1515/ijb-2015-0017/html","https://scholar.google.com/scholar?q=related:oNINUIQlimkJ:scholar.google.com/&scioq=%22propensity+score%22+%22small+sample%22+bias+variance+simulation%7C%22propensity+score+matching%22+%22small+sample+size%22+performance+%22monte+carlo%22%7C%22inverse+probability+weighting%22+%22small+sample%22+coverage+%22confidence+interval%22&hl=en&as_sdt=2007&as_ylo=2016&as_yhi=2019"
0,"HSJK Kim","AN APPROXIMATE BAYESIAN INFERENCE USING PROPENSITY SCORE ESTIMATION UNDER UNIT NONRESPONSE",2018,"… and semiparametric methods for handling missing …","search.proquest.com","https://search.proquest.com/openview/a3b67593a32912fe67acdfcd44da132c/1.pdf?pq-origsite=gscholar&cbl=18750&diss=y#page=16","",13,"2026-05-28 08:24:23","","","",,,,,,0,0.00,0,1,8,"… cally matches to the frequentist confidence interval obtained from the … For each Monte Carlo sample, we use the following methods … the frequentist methods under the small sample size. …","https://behost.lib.iastate.edu/DR/uploads/Sang_iastate_0097E_17115.pdf#page=15","https://scholar.google.com/scholar?q=related:5s0dOrEHZEsJ:scholar.google.com/&scioq=%22propensity+score%22+%22small+sample%22+bias+variance+simulation%7C%22propensity+score+matching%22+%22small+sample+size%22+performance+%22monte+carlo%22%7C%22inverse+probability+weighting%22+%22small+sample%22+coverage+%22confidence+interval%22&hl=en&as_sdt=2007&as_ylo=2016&as_yhi=2019"
51,"RA Hughes, JAC Sterne…","Comparison of imputation variance estimators",2016,"Statistical methods in …","journals.sagepub.com","https://journals.sagepub.com/doi/abs/10.1177/0962280214526216","https://scholar.google.com/scholar?cites=583347204873798802&as_sdt=2005&sciodt=2007&hl=en",14,"2026-05-28 08:24:23","","10.1177/0962280214526216","",,,,,,51,5.10,17,3,10,"… For a small sample size (n = 100) Rubin’s multiple imputation, … the Monte Carlo standard error for the true coverage … biased variance estimates and confidence interval coverage when …","https://journals.sagepub.com/doi/pdf/10.1177/0962280214526216","https://scholar.google.com/scholar?q=related:kkQ4LzF3GAgJ:scholar.google.com/&scioq=%22propensity+score%22+%22small+sample%22+bias+variance+simulation%7C%22propensity+score+matching%22+%22small+sample+size%22+performance+%22monte+carlo%22%7C%22inverse+probability+weighting%22+%22small+sample%22+coverage+%22confidence+interval%22&hl=en&as_sdt=2007&as_ylo=2016&as_yhi=2019"
14,"J Ni, K Dasgupta, SR Kahn, D Talbot…","Comparing external and internal validation methods in correcting outcome misclassification bias in logistic regression: a simulation study and application to the case …",2019,"… and Drug Safety","Wiley Online Library","https://onlinelibrary.wiley.com/doi/abs/10.1002/pds.4693","https://scholar.google.com/scholar?cites=4484388573189743369&as_sdt=2005&sciodt=2007&hl=en",15,"2026-05-28 08:24:23","","10.1002/pds.4693","",,,,,,14,2.00,3,5,7,"… VTE sensitivity was 0.59 (95% confidence interval, 0.48-0.69) and … /or exposures combined with a small sample size may create a … Additional methods (eg, propensity score54 or Firth …","","https://scholar.google.com/scholar?q=related:CaPL46W_Oz4J:scholar.google.com/&scioq=%22propensity+score%22+%22small+sample%22+bias+variance+simulation%7C%22propensity+score+matching%22+%22small+sample+size%22+performance+%22monte+carlo%22%7C%22inverse+probability+weighting%22+%22small+sample%22+coverage+%22confidence+interval%22&hl=en&as_sdt=2007&as_ylo=2016&as_yhi=2019"
10,"Y Hagiwara, M Fukuda…","The number of events per confounder for valid estimation of risk difference using modified least-squares regression",2018,"American Journal of …","academic.oup.com","https://academic.oup.com/aje/article-abstract/187/11/2481/5060525","https://scholar.google.com/scholar?cites=3641338249717130131&as_sdt=2005&sciodt=2007&hl=en",16,"2026-05-28 08:24:23","","","",,,,,,10,1.25,3,3,8,"… performance in the confidence interval (28, 29, p. 249). … performance between MLS regression and propensity score … standard error can be biased in a small sample. Further research …","https://academic.oup.com/aje/article-pdf/187/11/2481/26284603/kwy158.pdf","https://scholar.google.com/scholar?q=related:k6NucdihiDIJ:scholar.google.com/&scioq=%22propensity+score%22+%22small+sample%22+bias+variance+simulation%7C%22propensity+score+matching%22+%22small+sample+size%22+performance+%22monte+carlo%22%7C%22inverse+probability+weighting%22+%22small+sample%22+coverage+%22confidence+interval%22&hl=en&as_sdt=2007&as_ylo=2016&as_yhi=2019"
25,"W Luo","Testing mediation effects in cross-classified multilevel data",2017,"Behavior Research Methods","Springer","https://link.springer.com/article/10.3758/s13428-016-0723-3","https://scholar.google.com/scholar?cites=11476675485460095376&as_sdt=2005&sciodt=2007&hl=en",17,"2026-05-28 08:24:23","","10.3758/s13428-016-0723-3","",,,,,,25,2.78,25,1,9,"… for the conditions in which small sample size (eg, 200) was … %), but the Monte Carlo confidence interval dropped to 97 %, … studies, such as propensity score methods. Second, the …","https://link.springer.com/content/pdf/10.3758/s13428-016-0723-3.pdf","https://scholar.google.com/scholar?q=related:kGFISYxXRZ8J:scholar.google.com/&scioq=%22propensity+score%22+%22small+sample%22+bias+variance+simulation%7C%22propensity+score+matching%22+%22small+sample+size%22+performance+%22monte+carlo%22%7C%22inverse+probability+weighting%22+%22small+sample%22+coverage+%22confidence+interval%22&hl=en&as_sdt=2007&as_ylo=2016&as_yhi=2019"
1,"M Wu, RM Yucel","Model-based inference on average causal effect in observational clustered data",2019,"Health Services and Outcomes Research Methodology","Springer","https://link.springer.com/article/10.1007/s10742-019-00196-2","https://scholar.google.com/scholar?cites=14889889949093706779&as_sdt=2005&sciodt=2007&hl=en",18,"2026-05-28 08:24:23","","10.1007/s10742-019-00196-2","",,,,,,1,0.14,1,2,7,"… outcome estimates through inverse probability weighting (IPW)… We consider two propensity score models for clustered data. … To avoid negative impact due to small sample size, we set a …","","https://scholar.google.com/scholar?q=related:G7xjyASEo84J:scholar.google.com/&scioq=%22propensity+score%22+%22small+sample%22+bias+variance+simulation%7C%22propensity+score+matching%22+%22small+sample+size%22+performance+%22monte+carlo%22%7C%22inverse+probability+weighting%22+%22small+sample%22+coverage+%22confidence+interval%22&hl=en&as_sdt=2007&as_ylo=2016&as_yhi=2019"
9,"R Porcher, J Jacot, JS Wunder…","Identifying treatment responders using counterfactual modeling and potential outcomes",2019,"Statistical methods in …","journals.sagepub.com","https://journals.sagepub.com/doi/abs/10.1177/0962280218804569","https://scholar.google.com/scholar?cites=12988458437902982082&as_sdt=2005&sciodt=2007&hl=en",19,"2026-05-28 08:24:23","","10.1177/0962280218804569","",,,,,,9,1.29,2,4,7,"… and the coverage probability of the 95% confidence interval. … to quantiles of the propensity score, while insuring that there … responder rates because of the small sample size). Even after …","","https://scholar.google.com/scholar?q=related:wtshKyJGQLQJ:scholar.google.com/&scioq=%22propensity+score%22+%22small+sample%22+bias+variance+simulation%7C%22propensity+score+matching%22+%22small+sample+size%22+performance+%22monte+carlo%22%7C%22inverse+probability+weighting%22+%22small+sample%22+coverage+%22confidence+interval%22&hl=en&as_sdt=2007&as_ylo=2016&as_yhi=2019"
24,"X Qin, G Hong","A weighting method for assessing between-site heterogeneity in causal mediation mechanism",2017,"Journal of Educational and Behavioral …","journals.sagepub.com","https://journals.sagepub.com/doi/abs/10.3102/1076998617694879","https://scholar.google.com/scholar?cites=7241022707816419300&as_sdt=2005&sciodt=2007&hl=en",20,"2026-05-28 08:24:23","","10.3102/1076998617694879","",,,,,,24,2.67,12,2,9,"… We conduct a series of Monte Carlo simulations to assess … generates acceptable confidence interval coverage rates. This … of a relatively small sample size, propensity score models may …","https://files.eric.ed.gov/fulltext/EJ1141194.pdf","https://scholar.google.com/scholar?q=related:5E_vxclHfWQJ:scholar.google.com/&scioq=%22propensity+score%22+%22small+sample%22+bias+variance+simulation%7C%22propensity+score+matching%22+%22small+sample+size%22+performance+%22monte+carlo%22%7C%22inverse+probability+weighting%22+%22small+sample%22+coverage+%22confidence+interval%22&hl=en&as_sdt=2007&as_ylo=2016&as_yhi=2019"
0,"L Li","Safety Effects of Shoulder and Centerline Rumble Strips: A Bayesian Propensity Score Matching Framework",2019,"","search.proquest.com","https://search.proquest.com/openview/cc72d21772de6bd165d5185fc973279b/1?pq-origsite=gscholar&cbl=18750&diss=y","",21,"2026-05-28 08:24:23","BOOK","","",,,,,,0,0.00,0,1,7,"… traditional propensity score matching method in reducing bias … low sample mean or small sample size issues. More advanced … using random numbers is called Monte Carlo integration. …","https://etda.libraries.psu.edu/files/final_submissions/18641","https://scholar.google.com/scholar?q=related:b0WzOOklH2kJ:scholar.google.com/&scioq=%22propensity+score%22+%22small+sample%22+bias+variance+simulation%7C%22propensity+score+matching%22+%22small+sample+size%22+performance+%22monte+carlo%22%7C%22inverse+probability+weighting%22+%22small+sample%22+coverage+%22confidence+interval%22&hl=en&as_sdt=2007&as_ylo=2016&as_yhi=2019"
99,"EO Sills, C de Sassi, P Jagger, K Lawlor…","Building the evidence base for REDD+: Study design and methods for evaluating the impacts of conservation interventions on local well-being",2017,"Global environmental …","Elsevier","https://www.sciencedirect.com/science/article/pii/S095937801630173X","https://scholar.google.com/scholar?cites=13094937284841779342&as_sdt=2005&sciodt=2007&hl=en",22,"2026-05-28 08:24:23","","","",,,,,,99,11.00,20,5,9,"Climate change mitigation in developing countries is increasingly expected to generate co-benefits that help meet sustainable development goals. This has been an expectation and a …","https://www.sciencedirect.com/science/article/am/pii/S095937801630173X","https://scholar.google.com/scholar?q=related:jjADoxSQurUJ:scholar.google.com/&scioq=%22propensity+score%22+%22small+sample%22+bias+variance+simulation%7C%22propensity+score+matching%22+%22small+sample+size%22+performance+%22monte+carlo%22%7C%22inverse+probability+weighting%22+%22small+sample%22+coverage+%22confidence+interval%22&hl=en&as_sdt=2007&as_ylo=2016&as_yhi=2019"
92,"AP Keil, EJ Daza, SM Engel…","A Bayesian approach to the g-formula",2018,"… methods in medical …","journals.sagepub.com","https://journals.sagepub.com/doi/abs/10.1177/0962280217694665","https://scholar.google.com/scholar?cites=9261158850332583106&as_sdt=2005&sciodt=2007&hl=en",23,"2026-05-28 08:24:23","","10.1177/0962280217694665","",,,,,,92,11.50,23,4,8,"… of sparse data due to small sample size, when the number of … in a general Markov chain Monte Carlo estimation framework. This … , conservative, while confidence interval coverage in the …","https://pmc.ncbi.nlm.nih.gov/articles/PMC5790647/pdf/nihms934348.pdf","https://scholar.google.com/scholar?q=related:wuSJGug-hoAJ:scholar.google.com/&scioq=%22propensity+score%22+%22small+sample%22+bias+variance+simulation%7C%22propensity+score+matching%22+%22small+sample+size%22+performance+%22monte+carlo%22%7C%22inverse+probability+weighting%22+%22small+sample%22+coverage+%22confidence+interval%22&hl=en&as_sdt=2007&as_ylo=2016&as_yhi=2019"
0,"Q Zhou","Bayesian Propensity Score Analysis for Clustered Observational Studies",2018,"","search.proquest.com","https://search.proquest.com/openview/1a469da509b6cc39a626e0b26d88eb94/1?pq-origsite=gscholar&cbl=18750&diss=y","",24,"2026-05-28 08:24:23","","","",,,,,,0,0.00,0,1,8,"… obtained via Markov chain Monte Carlo (MCMC) simulation. Full … number of clusters but small sample size within each cluster (… In terms of confidence interval, however, this violence-…","https://baylor-ir.tdl.org/bitstreams/3caaa078-b4eb-4333-a3d7-3f220a9b821e/download","https://scholar.google.com/scholar?q=related:UAOQYPKMhwcJ:scholar.google.com/&scioq=%22propensity+score%22+%22small+sample%22+bias+variance+simulation%7C%22propensity+score+matching%22+%22small+sample+size%22+performance+%22monte+carlo%22%7C%22inverse+probability+weighting%22+%22small+sample%22+coverage+%22confidence+interval%22&hl=en&as_sdt=2007&as_ylo=2016&as_yhi=2019"
3,"L Wang, Y Lin, JT Chen","Simultaneous inference for treatment regimes",2017,"Communications in Statistics-Theory and …","Taylor &Francis","https://www.tandfonline.com/doi/abs/10.1080/03610926.2016.1217017","https://scholar.google.com/scholar?cites=10027103327933922641&as_sdt=2005&sciodt=2007&hl=en",25,"2026-05-28 08:24:23","","10.1080/03610926.2016.1217017","",,,,,,3,0.33,1,3,9,"… In this article, we propose a simultaneous confidence interval … Discussions on the method of propensity score analysis for … pseudosamples to handle the small sample size and adjust for …","","https://scholar.google.com/scholar?q=related:UX2j01ltJ4sJ:scholar.google.com/&scioq=%22propensity+score%22+%22small+sample%22+bias+variance+simulation%7C%22propensity+score+matching%22+%22small+sample+size%22+performance+%22monte+carlo%22%7C%22inverse+probability+weighting%22+%22small+sample%22+coverage+%22confidence+interval%22&hl=en&as_sdt=2007&as_ylo=2016&as_yhi=2019"
66,"JW Bartlett, RH Keogh","Bayesian correction for covariate measurement error: A frequentist evaluation and comparison with regression calibration",2018,"Statistical Methods in Medical …","journals.sagepub.com","https://journals.sagepub.com/doi/abs/10.1177/0962280216667764","https://scholar.google.com/scholar?cites=12772231455604995751&as_sdt=2005&sciodt=2007&hl=en",26,"2026-05-28 08:24:23","","10.1177/0962280216667764","",,,,,,66,8.25,33,2,8,"… is obviated by Markov Chain Monte Carlo (MCMC) methods, … To this end, we present simulation results to examine the … may lead to confidence interval coverage which deviates from …","https://journals.sagepub.com/doi/pdf/10.1177/0962280216667764","https://scholar.google.com/scholar?q=related:p_ZntNYUQLEJ:scholar.google.com/&scioq=%22propensity+score%22+%22small+sample%22+bias+variance+simulation%7C%22propensity+score+matching%22+%22small+sample+size%22+performance+%22monte+carlo%22%7C%22inverse+probability+weighting%22+%22small+sample%22+coverage+%22confidence+interval%22&hl=en&as_sdt=2007&as_ylo=2016&as_yhi=2019"
0,"Q Li","A two-stage pseudo likelihood approach to estimation and inference for alternating recurrent events data",2018,"","iro.uiowa.edu","https://iro.uiowa.edu/view/pdfCoverPage?instCode=01IOWA_INST&filePid=13731052190002771&download=true","",27,"2026-05-28 08:24:23","PDF","","",,,,,,0,0.00,0,1,8,"… bias was reduced by controlling the readmission caused by the same class of disease. Then we conducted propensity score matching … The Monte Carlo simulation studies with 500 trials …","https://iro.uiowa.edu/view/pdfCoverPage?instCode=01IOWA_INST&filePid=13731052190002771&download=true","https://scholar.google.com/scholar?q=related:uVN7svzIW6cJ:scholar.google.com/&scioq=%22propensity+score%22+%22small+sample%22+bias+variance+simulation%7C%22propensity+score+matching%22+%22small+sample+size%22+performance+%22monte+carlo%22%7C%22inverse+probability+weighting%22+%22small+sample%22+coverage+%22confidence+interval%22&hl=en&as_sdt=2007&as_ylo=2016&as_yhi=2019"
24,"ME Schnitzer, RJ Steele, M Bally…","A causal inference approach to network meta-analysis",2016,"Journal of Causal …","degruyterbrill.com","https://www.degruyterbrill.com/document/doi/10.1515/jci-2016-0014/html","https://scholar.google.com/scholar?cites=15921357863966367580&as_sdt=2005&sciodt=2007&hl=en",28,"2026-05-28 08:24:23","HTML","10.1515/jci-2016-0014","",,,,,,24,2.40,6,4,10,"… called the generalized propensity score [26]. Despite the small sample size in standard network … throughout, the smallest standard errors, and near optimal confidence interval coverage. …","https://www.degruyterbrill.com/document/doi/10.1515/jci-2016-0014/html","https://scholar.google.com/scholar?q=related:XF-WT58G9NwJ:scholar.google.com/&scioq=%22propensity+score%22+%22small+sample%22+bias+variance+simulation%7C%22propensity+score+matching%22+%22small+sample+size%22+performance+%22monte+carlo%22%7C%22inverse+probability+weighting%22+%22small+sample%22+coverage+%22confidence+interval%22&hl=en&as_sdt=2007&as_ylo=2016&as_yhi=2019"
0,"FC Turley","Statistical Tests for Confounding",2017,"","search.proquest.com","https://search.proquest.com/openview/0fb5756424087e31ef291b1d9812f594/1?pq-origsite=gscholar&cbl=18750","",29,"2026-05-28 08:24:23","","","",,,,,,0,0.00,0,1,9,"… indicate performance of a particular propensity score method … A Monte Carlo simulation showed PSA covariate adjustment … Based upon simulation size, a 95% confidence interval for the …","https://digitalcommons.library.uab.edu/cgi/viewcontent.cgi?article=4173&context=etd-collection","https://scholar.google.com/scholar?q=related:wsuDKz1_Ac4J:scholar.google.com/&scioq=%22propensity+score%22+%22small+sample%22+bias+variance+simulation%7C%22propensity+score+matching%22+%22small+sample+size%22+performance+%22monte+carlo%22%7C%22inverse+probability+weighting%22+%22small+sample%22+coverage+%22confidence+interval%22&hl=en&as_sdt=2007&as_ylo=2016&as_yhi=2019"
1,"L Yin, X Wang, W Ye","Maximum-likelihood estimation and presentation for the interaction between treatments in observational studies with a dichotomous outcome",2017,"Communications in Statistics-Simulation …","Taylor &Francis","https://www.tandfonline.com/doi/abs/10.1080/03610918.2016.1230213","https://scholar.google.com/scholar?cites=12956850488971346802&as_sdt=2005&sciodt=2007&hl=en",30,"2026-05-28 08:24:23","","10.1080/03610918.2016.1230213","",,,,,,1,0.11,0,3,9,"… probability of a 95% confidence interval of INT for our method… Due to a small sample size and few covariates of the medical … For instance, propensity score-based logistic models are …","","https://scholar.google.com/scholar?q=related:csP7Et_6z7MJ:scholar.google.com/&scioq=%22propensity+score%22+%22small+sample%22+bias+variance+simulation%7C%22propensity+score+matching%22+%22small+sample+size%22+performance+%22monte+carlo%22%7C%22inverse+probability+weighting%22+%22small+sample%22+coverage+%22confidence+interval%22&hl=en&as_sdt=2007&as_ylo=2016&as_yhi=2019"
17,"M Siino, S Fasola…","Inferential tools in penalized logistic regression for small and sparse data: A comparative study",2018,"Statistical Methods in …","journals.sagepub.com","https://journals.sagepub.com/doi/abs/10.1177/0962280216661213","https://scholar.google.com/scholar?cites=6493407988804122034&as_sdt=2005&sciodt=2007&hl=en",31,"2026-05-28 08:24:23","","10.1177/0962280216661213","",,,,,,17,2.13,6,3,8,"… it can be caused by occurrence of small sample size, and/or rare … In the simulation runs, we do not distinguish between … the 95% confidence interval for corresponding regression …","https://www.researchgate.net/profile/Vito-Muggeo/publication/306046136_Inferential_tools_in_penalized_logistic_regression_for_small_and_sparse_data_A_comparative_study/links/5a1d360f458515373189665c/Inferential-tools-in-penalized-logistic-regression-for-small-and-sparse-data-A-comparative-study.pdf","https://scholar.google.com/scholar?q=related:snVaiik4HVoJ:scholar.google.com/&scioq=%22propensity+score%22+%22small+sample%22+bias+variance+simulation%7C%22propensity+score+matching%22+%22small+sample+size%22+performance+%22monte+carlo%22%7C%22inverse+probability+weighting%22+%22small+sample%22+coverage+%22confidence+interval%22&hl=en&as_sdt=2007&as_ylo=2016&as_yhi=2019"
2,"EM Kibuchi","An Investigation of methods for Improving survey quality",2018,"","eprints.soton.ac.uk","https://eprints.soton.ac.uk/444046/","https://scholar.google.com/scholar?cites=17852988550210981221&as_sdt=2005&sciodt=2007&hl=en",32,"2026-05-28 08:24:23","","","",,,,,,2,0.25,2,1,8,"… for selection effects using propensity score matching. In addition… Finally, Kish notes that nonsampling biases are caused by … condition when used for data with a small sample size. …","https://eprints.soton.ac.uk/444046/1/28070593_Kibuchi_Thesis.pdf","https://scholar.google.com/scholar?q=related:ZQ1xSn-OwvcJ:scholar.google.com/&scioq=%22propensity+score%22+%22small+sample%22+bias+variance+simulation%7C%22propensity+score+matching%22+%22small+sample+size%22+performance+%22monte+carlo%22%7C%22inverse+probability+weighting%22+%22small+sample%22+coverage+%22confidence+interval%22&hl=en&as_sdt=2007&as_ylo=2016&as_yhi=2019"
1,"X Qin, G Hong","Analyzing heterogeneous causal mediation effects in multi-site trials with application to the National Job Corps Study",2016,"JSM Proceedings, Survey Research Methods Section","asasrms.org","http://www.asasrms.org/Proceedings/y2016/files/389562.pdf","https://scholar.google.com/scholar?cites=4813869664493437779&as_sdt=2005&sciodt=2007&hl=en",33,"2026-05-28 08:24:23","PDF","","",,,,,,1,0.10,1,2,10,"… We conduct a series of Monte Carlo simulations to assess … We also note that, the confidence interval coverage rates … each of a relatively small sample size, propensity score models may …","http://www.asasrms.org/Proceedings/y2016/files/389562.pdf","https://scholar.google.com/scholar?q=related:UwMpc_RMzkIJ:scholar.google.com/&scioq=%22propensity+score%22+%22small+sample%22+bias+variance+simulation%7C%22propensity+score+matching%22+%22small+sample+size%22+performance+%22monte+carlo%22%7C%22inverse+probability+weighting%22+%22small+sample%22+coverage+%22confidence+interval%22&hl=en&as_sdt=2007&as_ylo=2016&as_yhi=2019"
0,"C Leyrat, JR Carpenter, S Bailly…","A review and evaluation of standard methods to handle missing data on time-varying confounders in marginal structural models",2019,"arXiv preprint arXiv …","arxiv.org","https://arxiv.org/abs/1911.12624","",34,"2026-05-28 08:24:23","","","",,,,,,0,0.00,0,4,7,"… As expected because of the relatively small sample size, … proposed in the context of propensity score weighting (47) but has … maximum Monte-Carlo standard error was 0.002 for the bias …","https://arxiv.org/pdf/1911.12624","https://scholar.google.com/scholar?q=related:DxwBCC12J74J:scholar.google.com/&scioq=%22propensity+score%22+%22small+sample%22+bias+variance+simulation%7C%22propensity+score+matching%22+%22small+sample+size%22+performance+%22monte+carlo%22%7C%22inverse+probability+weighting%22+%22small+sample%22+coverage+%22confidence+interval%22&hl=en&as_sdt=2007&as_ylo=2016&as_yhi=2019"
7,"Y Zhang, TA Alonzo…","Estimation of the volume under the receiver-operating characteristic surface adjusting for non-ignorable verification bias",2018,"… Methods in Medical …","journals.sagepub.com","https://journals.sagepub.com/doi/abs/10.1177/0962280217742541","https://scholar.google.com/scholar?cites=5286036865479344348&as_sdt=2005&sciodt=2007&hl=en",35,"2026-05-28 08:24:23","","10.1177/0962280217742541","",,,,,,7,0.88,2,3,8,"… and the 90% coverage rates are successfully retained. … presented and the corresponding 95% confidence interval (CI). … Additionally, with small sample size, such as 100, our simulation …","","https://scholar.google.com/scholar?q=related:3ACExIXGW0kJ:scholar.google.com/&scioq=%22propensity+score%22+%22small+sample%22+bias+variance+simulation%7C%22propensity+score+matching%22+%22small+sample+size%22+performance+%22monte+carlo%22%7C%22inverse+probability+weighting%22+%22small+sample%22+coverage+%22confidence+interval%22&hl=en&as_sdt=2007&as_ylo=2016&as_yhi=2019"
0,"JJ Chipman","Sequential Rematched Randomization and Adaptive Monitoring with the Second-Generation p-Value to increase the efficiency and efficacy of Randomized Clinical …",2019,"","search.proquest.com","https://search.proquest.com/openview/938e9cf129553748662496907165fd92/1?pq-origsite=gscholar&cbl=18750&diss=y","",36,"2026-05-28 08:24:23","","","",,,,,,0,0.00,0,1,7,"… ,1 } , provides a small sample size correction – setting pH to 0.5 when an … confidence interval width under an assumed outcome standard deviation. Twenty thousand Monte-Carlo …","","https://scholar.google.com/scholar?q=related:IJz4GcNiISkJ:scholar.google.com/&scioq=%22propensity+score%22+%22small+sample%22+bias+variance+simulation%7C%22propensity+score+matching%22+%22small+sample+size%22+performance+%22monte+carlo%22%7C%22inverse+probability+weighting%22+%22small+sample%22+coverage+%22confidence+interval%22&hl=en&as_sdt=2007&as_ylo=2016&as_yhi=2019"
0,"J Ye","Covariates adjustment for nonparametric tests for two sample comparison",2016,"","search.proquest.com","https://search.proquest.com/openview/10d40c12a649732876557218906875a3/1?pq-origsite=gscholar&cbl=18750","",37,"2026-05-28 08:24:23","","","",,,,,,0,0.00,0,1,10,"… , no matter with moderate small sample size or with large … and we calculate the 95% confidence interval for 𝛽. GaussMarkov … Propensity score matching Propensity score matching forms …","","https://scholar.google.com/scholar?q=related:bljg5lhqz8oJ:scholar.google.com/&scioq=%22propensity+score%22+%22small+sample%22+bias+variance+simulation%7C%22propensity+score+matching%22+%22small+sample+size%22+performance+%22monte+carlo%22%7C%22inverse+probability+weighting%22+%22small+sample%22+coverage+%22confidence+interval%22&hl=en&as_sdt=2007&as_ylo=2016&as_yhi=2019"
47,"G Vazquez-Bare","Identification and estimation of spillover effects in randomized experiments",2017,"arXiv preprint arXiv:1711.02745","arxiv.org","https://arxiv.org/abs/1711.02745","https://scholar.google.com/scholar?cites=14247200842060602238&as_sdt=2005&sciodt=2007&hl=en",38,"2026-05-28 08:24:23","","","",,,,,,47,5.22,47,1,9,"… The results in this paper are illustrated in a simulation study … the normal confidence interval whose coverage rate drops to … to low statistical power given the relatively small sample size. …","https://arxiv.org/pdf/1711.02745","https://scholar.google.com/scholar?q=related:fhurUq45uMUJ:scholar.google.com/&scioq=%22propensity+score%22+%22small+sample%22+bias+variance+simulation%7C%22propensity+score+matching%22+%22small+sample+size%22+performance+%22monte+carlo%22%7C%22inverse+probability+weighting%22+%22small+sample%22+coverage+%22confidence+interval%22&hl=en&as_sdt=2007&as_ylo=2016&as_yhi=2019"
17,"K Hardt, M Hecht, JHL Oud…","Where have the persons gone?–An illustration of individual score methods in autoregressive panel models",2019,"… Equation Modeling: A …","Taylor &Francis","https://www.tandfonline.com/doi/abs/10.1080/10705511.2018.1517355","https://scholar.google.com/scholar?cites=1155679956417476148&as_sdt=2005&sciodt=2007&hl=en",39,"2026-05-28 08:24:23","","10.1080/10705511.2018.1517355","",,,,,,17,2.43,4,4,7,"… bias is the expected difference between an individual score estimate and the true score, E ( f ˆ j ) − f j . In our simulation, … has been derived analytically as discussed before, Monte Carlo …","https://www.tandfonline.com/doi/pdf/10.1080/10705511.2018.1517355","https://scholar.google.com/scholar?q=related:NHZNHMzMCRAJ:scholar.google.com/&scioq=%22propensity+score%22+%22small+sample%22+bias+variance+simulation%7C%22propensity+score+matching%22+%22small+sample+size%22+performance+%22monte+carlo%22%7C%22inverse+probability+weighting%22+%22small+sample%22+coverage+%22confidence+interval%22&hl=en&as_sdt=2007&as_ylo=2016&as_yhi=2019"
0,"W Cai","Targeted learning of high-dimensional parameters and its finite sample inference",2019,"","search.proquest.com","https://search.proquest.com/openview/ff5290e32c097155f6fdd39551b0ff9b/1?pq-origsite=gscholar&cbl=18750&diss=y","",40,"2026-05-28 08:24:23","","","",,,,,,0,0.00,0,1,7,"… Propensity score We estimate the propensity score by … EE has a large variance in small sample size (n = 100) and its … Instead, we widen the bootstrap confidence interval by replacing …","https://escholarship.org/content/qt21t752n2/qt21t752n2.pdf","https://scholar.google.com/scholar?q=related:hNkfnQ5rCVsJ:scholar.google.com/&scioq=%22propensity+score%22+%22small+sample%22+bias+variance+simulation%7C%22propensity+score+matching%22+%22small+sample+size%22+performance+%22monte+carlo%22%7C%22inverse+probability+weighting%22+%22small+sample%22+coverage+%22confidence+interval%22&hl=en&as_sdt=2007&as_ylo=2016&as_yhi=2019"
0,"H Zhao","Detecting Inconsistency and Using Non-randomized Studies in Research Synthesis",2016,"","conservancy.umn.edu","https://conservancy.umn.edu/items/d7ee540e-b279-43df-b10d-082a06ce8278","",41,"2026-05-28 08:24:23","","","",,,,,,0,0.00,0,1,10,"… randomized clinical trial and a propensity score-matched non-… via both example datasets and simulation studies. In summary… To correct the bias, we can subtract an estimate of the bias …","https://conservancy.umn.edu/bitstreams/630f80c6-f8b3-4886-9f3c-4e7b6d146e42/download","https://scholar.google.com/scholar?q=related:CTyy4Z3f4T4J:scholar.google.com/&scioq=%22propensity+score%22+%22small+sample%22+bias+variance+simulation%7C%22propensity+score+matching%22+%22small+sample+size%22+performance+%22monte+carlo%22%7C%22inverse+probability+weighting%22+%22small+sample%22+coverage+%22confidence+interval%22&hl=en&as_sdt=2007&as_ylo=2016&as_yhi=2019"
3,"W Jiang, J Josse, M Lavielle","Logistic regression with missing covariates–parameter estimation, model selection and prediction",2018,"arXiv preprint arXiv:1805.04602","researchgate.net","https://www.researchgate.net/profile/Marc-Lavielle/publication/338245295_Logistic_regression_with_missing_covariates-Parameter_estimation_model_selection_and_prediction_within_a_joint-modeling_framework/links/6151ffbcd2ebba7be7522165/Logistic-regression-with-missing-covariates-Parameter-estimation-model-selection-and-prediction-within-a-joint-modeling-framework.pdf","https://scholar.google.com/scholar?cites=5805565349633927525&as_sdt=2005&sciodt=2007&hl=en",42,"2026-05-28 08:24:23","PDF","","",,,,,,3,0.38,1,3,8,"… shows the coverage probability of the confidence interval for … sampling; even with a very small sample size of n = 200, MCEM … framework, especially for propensity score analysis, which …","https://www.researchgate.net/profile/Marc-Lavielle/publication/338245295_Logistic_regression_with_missing_covariates-Parameter_estimation_model_selection_and_prediction_within_a_joint-modeling_framework/links/6151ffbcd2ebba7be7522165/Logistic-regression-with-missing-covariates-Parameter-estimation-model-selection-and-prediction-within-a-joint-modeling-framework.pdf","https://scholar.google.com/scholar?q=related:ZSk_Ie2CkVAJ:scholar.google.com/&scioq=%22propensity+score%22+%22small+sample%22+bias+variance+simulation%7C%22propensity+score+matching%22+%22small+sample+size%22+performance+%22monte+carlo%22%7C%22inverse+probability+weighting%22+%22small+sample%22+coverage+%22confidence+interval%22&hl=en&as_sdt=2007&as_ylo=2016&as_yhi=2019"
0,"L Fan","Covariate Misclassification under Covariate-Adaptive Randomization: Understanding the Impact and Method for Bias Correction",2016,"","medica-musc.researchcommons.org","https://medica-musc.researchcommons.org/theses/427/","",43,"2026-05-28 08:24:23","","","",,,,,,0,0.00,0,1,10,"… a propensity score, an inverse-probability weighting method … ability for bias reduction and good coverage probability, it is … We provide the results of a simulation study conducted under …","https://medica-musc.researchcommons.org/cgi/viewcontent.cgi?article=1427&context=theses","https://scholar.google.com/scholar?q=related:cP7Up5hGV84J:scholar.google.com/&scioq=%22propensity+score%22+%22small+sample%22+bias+variance+simulation%7C%22propensity+score+matching%22+%22small+sample+size%22+performance+%22monte+carlo%22%7C%22inverse+probability+weighting%22+%22small+sample%22+coverage+%22confidence+interval%22&hl=en&as_sdt=2007&as_ylo=2016&as_yhi=2019"
0,"DF Giles","Hospital Profiling of the Cesarean Delivery Procedure for the State of Georgia, 2012",2016,"","search.proquest.com","https://search.proquest.com/openview/8db8219889311b009953e6c734bed0b1/1?pq-origsite=gscholar&cbl=18750","",44,"2026-05-28 08:24:23","","","",,,,,,0,0.00,0,1,10,"… Propensity score matching with stratification methods aimed … , some indicators suffered from small sample size due to low … propensity score methods, using Monte Carlo simulation for …","https://scholarworks.waldenu.edu/cgi/viewcontent.cgi?article=3227&context=dissertations","https://scholar.google.com/scholar?q=related:2s4WOjEI53QJ:scholar.google.com/&scioq=%22propensity+score%22+%22small+sample%22+bias+variance+simulation%7C%22propensity+score+matching%22+%22small+sample+size%22+performance+%22monte+carlo%22%7C%22inverse+probability+weighting%22+%22small+sample%22+coverage+%22confidence+interval%22&hl=en&as_sdt=2007&as_ylo=2016&as_yhi=2019"
12,"S Vandenberghe, S Vansteelandt…","Boosting the precision of mediation analyses of randomised experiments through covariate adjustment",2017,"Statistics in …","Wiley Online Library","https://onlinelibrary.wiley.com/doi/abs/10.1002/sim.7219","https://scholar.google.com/scholar?cites=12665541468985092744&as_sdt=2005&sciodt=2007&hl=en",45,"2026-05-28 08:24:23","","10.1002/sim.7219","",,,,,,12,1.33,4,3,9,"… will avoid the need for inverse probability weighting, which can … The first model is a so-called propensity score model for the … estimator), which is likely the result of the small sample size. …","","https://scholar.google.com/scholar?q=related:iOrVctwKxa8J:scholar.google.com/&scioq=%22propensity+score%22+%22small+sample%22+bias+variance+simulation%7C%22propensity+score+matching%22+%22small+sample+size%22+performance+%22monte+carlo%22%7C%22inverse+probability+weighting%22+%22small+sample%22+coverage+%22confidence+interval%22&hl=en&as_sdt=2007&as_ylo=2016&as_yhi=2019"
0,"S Yadlowsky, F Pellegrini, F Lionetto, S Braune, L Tian","Estimation and Validation of a Class of Conditional Average Treatment Effects Using Observational Data",2019,"stat","med.stanford.edu","https://med.stanford.edu/content/dam/sm/dbds/documents/biostats-workshop/paper2.pdf","",46,"2026-05-28 08:24:23","PDF","","",,,,,,0,0.00,0,5,7,"… The small sample size of trials is one of the biggest obstacles … of the resulting estimator under the correct propensity score … bias and the coverage level of 95% confidence interval in …","https://med.stanford.edu/content/dam/sm/dbds/documents/biostats-workshop/paper2.pdf","https://scholar.google.com/scholar?q=related:666FjGmZ8lQJ:scholar.google.com/&scioq=%22propensity+score%22+%22small+sample%22+bias+variance+simulation%7C%22propensity+score+matching%22+%22small+sample+size%22+performance+%22monte+carlo%22%7C%22inverse+probability+weighting%22+%22small+sample%22+coverage+%22confidence+interval%22&hl=en&as_sdt=2007&as_ylo=2016&as_yhi=2019"
0,"SH Liu","Impact of Intra-Articular Injection Use on Patient-Reported Outcomes Among Patients with Knee Osteoarthritis",2017,"","repository.escholarship.umassmed …","https://repository.escholarship.umassmed.edu/entities/publication/92c3327f-30fe-4eda-8bc2-73c6a519999e","",47,"2026-05-28 08:24:23","","","",,,,,,0,0.00,0,1,9,"… Compared to inverse probability weighting (IPW), missing … on time-dependent propensity score could induce substantial … Due to the small sample size, we were not able to examine …","https://repository.escholarship.umassmed.edu/bitstreams/cf7cb5a2-9065-4c6f-a52d-3358c200215d/download","https://scholar.google.com/scholar?q=related:RxPfrAtQZ-sJ:scholar.google.com/&scioq=%22propensity+score%22+%22small+sample%22+bias+variance+simulation%7C%22propensity+score+matching%22+%22small+sample+size%22+performance+%22monte+carlo%22%7C%22inverse+probability+weighting%22+%22small+sample%22+coverage+%22confidence+interval%22&hl=en&as_sdt=2007&as_ylo=2016&as_yhi=2019"
0,"RN ETHIOPIA, AT EWUNETU","CHAPTER SEVEN MICROFINANCE: DOES IT SUPPORT HOUSEHOLDS TO ACHIEVE AN INCOME ABOVE SELF-SUFFICIENCY? EVIDENCE FROM",2017,"Loan and Investment in a …","books.google.com","https://books.google.com/books?hl=en&lr=&id=KmXXDgAAQBAJ&oi=fnd&pg=PA172&dq=%22propensity+score%22+%22small+sample%22+bias+variance+simulation%7C%22propensity+score+matching%22+%22small+sample+size%22+performance+%22monte+carlo%22%7C%22inverse+probability+weighting%22+%22small+sample%22+coverage+%22confidence+interval%22&ots=g2x2jipkHW&sig=hwqb65ovuFiCSzhyhLhTyTXnKw4","",48,"2026-05-28 08:24:23","","","",,,,,,0,0.00,0,2,9,"… in the propensity score interval that minimizes the bias). When … unstable due to the wide confidence interval of the estimate, … On top of these, small sample size is another limitation of the …","","https://scholar.google.com/scholar?q=related:Piz7mOFT8r0J:scholar.google.com/&scioq=%22propensity+score%22+%22small+sample%22+bias+variance+simulation%7C%22propensity+score+matching%22+%22small+sample+size%22+performance+%22monte+carlo%22%7C%22inverse+probability+weighting%22+%22small+sample%22+coverage+%22confidence+interval%22&hl=en&as_sdt=2007&as_ylo=2016&as_yhi=2019"
3,"L Martin-Bonnel de Longchamp…","How Cognitive Biases Affect Energy Performance Gap in Low Energy Buildings",2018,"… Energy Performance …","papers.ssrn.com","https://papers.ssrn.com/sol3/papers.cfm?abstract_id=3114262","https://scholar.google.com/scholar?cites=13747078752513758025&as_sdt=2005&sciodt=2007&hl=en",49,"2026-05-28 08:24:23","","","",,,,,,3,0.38,2,2,8,"… imputation method, and inverse probability weighting strategy. Our … Not only does our relatively small sample size comprises … Whereas propensity score matching forms matched sets of …","https://papers.ssrn.com/sol3/Delivery.cfm?abstractid=3114262","https://scholar.google.com/scholar?q=related:SRPnTkpvx74J:scholar.google.com/&scioq=%22propensity+score%22+%22small+sample%22+bias+variance+simulation%7C%22propensity+score+matching%22+%22small+sample+size%22+performance+%22monte+carlo%22%7C%22inverse+probability+weighting%22+%22small+sample%22+coverage+%22confidence+interval%22&hl=en&as_sdt=2007&as_ylo=2016&as_yhi=2019"
1,"D Hajage","Utilisation du score de propension et du score pronostique en pharmacoépidémiologie",2017,"","theses.hal.science","https://theses.hal.science/tel-02083652/","https://scholar.google.com/scholar?cites=3773511940354503061&as_sdt=2005&sciodt=2007&hl=en",50,"2026-05-28 08:24:23","","","",,,,,,1,0.11,1,1,9,"… evaluates the use of propensity score-based methods to esti- … the 95 % confidence interval of γ estimated from the model. … specifically the context of small sample size (ranging from 1000 …","https://theses.hal.science/tel-02083652/document","https://scholar.google.com/scholar?q=related:lXGG6B01XjQJ:scholar.google.com/&scioq=%22propensity+score%22+%22small+sample%22+bias+variance+simulation%7C%22propensity+score+matching%22+%22small+sample+size%22+performance+%22monte+carlo%22%7C%22inverse+probability+weighting%22+%22small+sample%22+coverage+%22confidence+interval%22&hl=en&as_sdt=2007&as_ylo=2016&as_yhi=2019"
1,"CY Shapland","Mendelian Randomisation with Many Dependent Instruments",2017,"","figshare.le.ac.uk","https://figshare.le.ac.uk/articles/thesis/Mendelian_Randomisation_with_Many_Dependent_Instruments/10229477","https://scholar.google.com/scholar?cites=14336114422460516522&as_sdt=2005&sciodt=2007&hl=en",51,"2026-05-28 08:24:23","","","",,,,,,1,0.11,1,1,9,"… 144 7.9 Coverage from simulation of the comparison of 2SLS, … of allocation as estimated by the propensity score. The … (ie small R2) and small sample size, then the distribution for the …","https://figshare.le.ac.uk/articles/thesis/Mendelian_Randomisation_with_Many_Dependent_Instruments/10229477/1/files/18455444.pdf","https://scholar.google.com/scholar?q=related:qggdehwc9MYJ:scholar.google.com/&scioq=%22propensity+score%22+%22small+sample%22+bias+variance+simulation%7C%22propensity+score+matching%22+%22small+sample+size%22+performance+%22monte+carlo%22%7C%22inverse+probability+weighting%22+%22small+sample%22+coverage+%22confidence+interval%22&hl=en&as_sdt=2007&as_ylo=2016&as_yhi=2019"
2,"S Rubin-Bleuer, L Jang…","The Pseudo-EBLUP estimator for a weighted average with an application to the Canadian Survey of Employment, Payrolls and Hours",2016,"Journal of Survey Statistics …","academic.oup.com","https://academic.oup.com/jssam/article-abstract/4/4/417/2687767","https://scholar.google.com/scholar?cites=11534501987127073442&as_sdt=2005&sciodt=2007&hl=en",52,"2026-05-28 08:24:23","","","",,,,,,2,0.20,1,3,10,"… in terms of Monte Carlo design absolute relative bias (ARB) … for direct estimation, and the simulation process to create the … were domains of interest with small sample size for which the …","https://www.academia.edu/download/56854040/online_paper.pdf","https://scholar.google.com/scholar?q=related:ohq_43HIEqAJ:scholar.google.com/&scioq=%22propensity+score%22+%22small+sample%22+bias+variance+simulation%7C%22propensity+score+matching%22+%22small+sample+size%22+performance+%22monte+carlo%22%7C%22inverse+probability+weighting%22+%22small+sample%22+coverage+%22confidence+interval%22&hl=en&as_sdt=2007&as_ylo=2016&as_yhi=2019"
0,"FC SANTIAGO","FROM ANDHRA PRADESH",2017,"","younglives.org.uk","https://www.younglives.org.uk/sites/default/files/migrated/Estimating%20Causal%20Effects%20of%20Preschool%20on%20School%20Dropout%20Andhra%20Pradesh%20Francisco%20Carballo.pdf","",53,"2026-05-28 08:24:23","PDF","","",,,,,,0,0.00,0,1,9,"… In Section 6, I present the results of the propensity score matching … The ATET estimate is −9.96% at a 1% confidence interval. … Another limitation of the thesis is the small sample size …","https://www.younglives.org.uk/sites/default/files/migrated/Estimating%20Causal%20Effects%20of%20Preschool%20on%20School%20Dropout%20Andhra%20Pradesh%20Francisco%20Carballo.pdf","https://scholar.google.com/scholar?q=related:j__3rXrZSF8J:scholar.google.com/&scioq=%22propensity+score%22+%22small+sample%22+bias+variance+simulation%7C%22propensity+score+matching%22+%22small+sample+size%22+performance+%22monte+carlo%22%7C%22inverse+probability+weighting%22+%22small+sample%22+coverage+%22confidence+interval%22&hl=en&as_sdt=2007&as_ylo=2016&as_yhi=2019"
0,"ER Alessandrini","Causal inference methods in environmental epidemiology: different approaches to evaluate the health effects of industrial air pollution.",2018,"","amsdottorato.unibo.it","https://amsdottorato.unibo.it/id/eprint/8509/","",54,"2026-05-28 08:24:23","","","",,,,,,0,0.00,0,1,8,"… 49 Figure 6: Penalized splines and confidence interval (95%CI… Propensity score matching involves the formation of new … lack of balance, since a small sample size can limit the ability to …","https://amsdottorato.unibo.it/id/eprint/8509/1/Alessandrini_EsterRita_tesi.pdf","https://scholar.google.com/scholar?q=related:Xtn0PhRrGfcJ:scholar.google.com/&scioq=%22propensity+score%22+%22small+sample%22+bias+variance+simulation%7C%22propensity+score+matching%22+%22small+sample+size%22+performance+%22monte+carlo%22%7C%22inverse+probability+weighting%22+%22small+sample%22+coverage+%22confidence+interval%22&hl=en&as_sdt=2007&as_ylo=2016&as_yhi=2019"
0,"C Shi","On Statistical Learning for Individualized Decision Making with Complex Data",2019,"","search.proquest.com","https://search.proquest.com/openview/16cd71e5d24d2e98c2e56bfe7f318ffd/1?pq-origsite=gscholar&cbl=18750&diss=y","",55,"2026-05-28 08:24:23","BOOK","","",,,,,,0,0.00,0,1,7,"… In Chapter 7, we propose to construct the confidence interval … mean function or the propensity score model is correctly … Simulation studies to evaluate the empirical performance of …","https://callmespring.github.io/slides/slides22.pdf","https://scholar.google.com/scholar?q=related:iaX-9UyTWzUJ:scholar.google.com/&scioq=%22propensity+score%22+%22small+sample%22+bias+variance+simulation%7C%22propensity+score+matching%22+%22small+sample+size%22+performance+%22monte+carlo%22%7C%22inverse+probability+weighting%22+%22small+sample%22+coverage+%22confidence+interval%22&hl=en&as_sdt=2007&as_ylo=2016&as_yhi=2019"
8,"SR Kuenzel","Heterogeneous Treatment Effect Estimation Using Machine Learning",2019,"","search.proquest.com","https://search.proquest.com/openview/43c2b65d0c79743d752664e1f8b2a11f/1?pq-origsite=gscholar&cbl=51922&diss=y","https://scholar.google.com/scholar?cites=2911834794543689855&as_sdt=2005&sciodt=2007&hl=en",56,"2026-05-28 08:24:23","BOOK","","",,,,,,8,1.14,8,1,7,"… the problem that confidence interval estimation with RF can … good to use an estimate of the propensity score for g, so that g = … powered despite its small sample size because it includes a …","https://search.proquest.com/openview/43c2b65d0c79743d752664e1f8b2a11f/1.pdf?pq-origsite=gscholar&cbl=18750&diss=y","https://scholar.google.com/scholar?q=related:fzBmbVHqaCgJ:scholar.google.com/&scioq=%22propensity+score%22+%22small+sample%22+bias+variance+simulation%7C%22propensity+score+matching%22+%22small+sample+size%22+performance+%22monte+carlo%22%7C%22inverse+probability+weighting%22+%22small+sample%22+coverage+%22confidence+interval%22&hl=en&as_sdt=2007&as_ylo=2016&as_yhi=2019"
0,"JA Faerber, MM Joffe, DS Small, R Zhang…","A Simple Model Allowing Modification of the Effect of a Randomized Intervention by Post-Randomization Variables",2017,"Journal of Causal …","degruyterbrill.com","https://www.degruyterbrill.com/document/doi/10.1515/jci-2015-0016/html","",57,"2026-05-28 08:24:23","HTML","10.1515/jci-2015-0016","",,,,,,0,0.00,0,5,9,"… was not surprising given the small sample size, but worthy of … We performed Monte Carlo simulations to measure the … for which the 95 % confidence interval included the true values …","https://www.degruyterbrill.com/document/doi/10.1515/jci-2015-0016/html","https://scholar.google.com/scholar?q=related:peN5IZ09zgcJ:scholar.google.com/&scioq=%22propensity+score%22+%22small+sample%22+bias+variance+simulation%7C%22propensity+score+matching%22+%22small+sample+size%22+performance+%22monte+carlo%22%7C%22inverse+probability+weighting%22+%22small+sample%22+coverage+%22confidence+interval%22&hl=en&as_sdt=2007&as_ylo=2016&as_yhi=2019"
10,"BC Saul, MG Hudgens, MA Mallin","Downstream effects of upstream causes",2019,"Journal of the American …","Taylor &Francis","https://www.tandfonline.com/doi/abs/10.1080/01621459.2019.1574226","https://scholar.google.com/scholar?cites=3932317516525946596&as_sdt=2005&sciodt=2007&hl=en",58,"2026-05-28 08:24:23","","10.1080/01621459.2019.1574226","",,,,,,10,1.43,3,3,7,"… in Section 4 along with small sample variance corrections. The simulation study in Section 5 … marginal structural models (MSMs) using inverse probability weighting, and g-estimation of …","https://pmc.ncbi.nlm.nih.gov/articles/PMC8023568/pdf/nihms-1054371.pdf","https://scholar.google.com/scholar?q=related:5EaTbPJlkjYJ:scholar.google.com/&scioq=%22propensity+score%22+%22small+sample%22+bias+variance+simulation%7C%22propensity+score+matching%22+%22small+sample+size%22+performance+%22monte+carlo%22%7C%22inverse+probability+weighting%22+%22small+sample%22+coverage+%22confidence+interval%22&hl=en&as_sdt=2007&as_ylo=2016&as_yhi=2019"
8,"BC Saul, MG Hudgens, MA Mallin","Upstream causes of downstream effects",2017,"arXiv preprint arXiv:1705.07926","arxiv.org","https://arxiv.org/abs/1705.07926","https://scholar.google.com/scholar?cites=364540125067202143&as_sdt=2005&sciodt=2007&hl=en",59,"2026-05-28 08:24:23","","","",,,,,,8,0.89,3,3,9,"… models (MSMs) using inverse probability weighting, and g-… the variance estimate, but confidence interval coverage with … Due partly to the small sample size and the simplified model (…","https://arxiv.org/pdf/1705.07926","https://scholar.google.com/scholar?q=related:X84B9U8bDwUJ:scholar.google.com/&scioq=%22propensity+score%22+%22small+sample%22+bias+variance+simulation%7C%22propensity+score+matching%22+%22small+sample+size%22+performance+%22monte+carlo%22%7C%22inverse+probability+weighting%22+%22small+sample%22+coverage+%22confidence+interval%22&hl=en&as_sdt=2007&as_ylo=2016&as_yhi=2019"
1,"X Qiu","Statistical Learning Methods for Personalized Medicine",2018,"","search.proquest.com","https://search.proquest.com/openview/f319df3134f841f99303d3c5992b858d/1?pq-origsite=gscholar&cbl=18750","https://scholar.google.com/scholar?cites=5472688491849241330&as_sdt=2005&sciodt=2007&hl=en",60,"2026-05-28 08:24:23","BOOK","10.7916/D82531PW","",,,,,,1,0.13,1,1,8,"… We conduct extensive simulation studies to show that our … A cost-effective method to remedy the small sample size … a bootstrap method to compute confidence interval for the diagnostic …","https://academiccommons.columbia.edu/doi/10.7916/D82531PW/download","https://scholar.google.com/scholar?q=related:8tIKEzDl8ksJ:scholar.google.com/&scioq=%22propensity+score%22+%22small+sample%22+bias+variance+simulation%7C%22propensity+score+matching%22+%22small+sample+size%22+performance+%22monte+carlo%22%7C%22inverse+probability+weighting%22+%22small+sample%22+coverage+%22confidence+interval%22&hl=en&as_sdt=2007&as_ylo=2016&as_yhi=2019"
4,"A King, L Li, YI Hser","Common statistical methods for primary and secondary analysis in substance abuse research",2017,"Research methods in the study of substance abuse","Springer","https://link.springer.com/chapter/10.1007/978-3-319-55980-3_5","https://scholar.google.com/scholar?cites=11329784721670349142&as_sdt=2005&sciodt=2007&hl=en",61,"2026-05-28 08:24:23","","10.1007/978-3-319-55980-3_5","",,,,,,4,0.44,1,3,9,"… of the sample (eg, small sample size, excess kurtosis). The … bias and the use of propensity-score methods for bias … propensity-score weighting approach omits propensity-score …","","https://scholar.google.com/scholar?q=related:ViHPNC17O50J:scholar.google.com/&scioq=%22propensity+score%22+%22small+sample%22+bias+variance+simulation%7C%22propensity+score+matching%22+%22small+sample+size%22+performance+%22monte+carlo%22%7C%22inverse+probability+weighting%22+%22small+sample%22+coverage+%22confidence+interval%22&hl=en&as_sdt=2007&as_ylo=2016&as_yhi=2019"
0,"MH Tai","The Impact of Maryland Care Management Entity on Quality of Antipsychotic Medication Use and Clinical Outcomes",2016,"","search.proquest.com","https://search.proquest.com/openview/57ce1b41513f5f307ccbdaf67f893e02/1?pq-origsite=gscholar&cbl=18750","",62,"2026-05-28 08:24:23","","","",,,,,,0,0.00,0,1,10,"… instead of propensity score matching (PSM) because it performs better with small sample sizes… to the 5th-95th percentiles to improve the performance of propensity score weighting. The …","https://archive.hshsl.umaryland.edu/bitstreams/713cd316-1317-483e-9be1-4ad2205f054c/download","https://scholar.google.com/scholar?q=related:Iy7RsfY2VfsJ:scholar.google.com/&scioq=%22propensity+score%22+%22small+sample%22+bias+variance+simulation%7C%22propensity+score+matching%22+%22small+sample+size%22+performance+%22monte+carlo%22%7C%22inverse+probability+weighting%22+%22small+sample%22+coverage+%22confidence+interval%22&hl=en&as_sdt=2007&as_ylo=2016&as_yhi=2019"
1,"Y Pan","Essays on applying Bayesian data analysis to improve evidence-based decision-making in education",2016,"","search.proquest.com","https://search.proquest.com/openview/8887f2c193d115f4842bb1a0a0b0d106/1?pq-origsite=gscholar&cbl=18750","https://scholar.google.com/scholar?cites=17881221897631216876&as_sdt=2005&sciodt=2007&hl=en",63,"2026-05-28 08:24:23","BOOK","10.7916/D8CR624X","",,,,,,1,0.10,1,1,10,"… ; and propensity score matching usually generates … small sample size All of these four methods can produce deviated point estimates of the expectation and/or the confidence interval …","https://academiccommons.columbia.edu/doi/10.7916/D8CR624X/download","https://scholar.google.com/scholar?q=related:7LQ-vpPcJvgJ:scholar.google.com/&scioq=%22propensity+score%22+%22small+sample%22+bias+variance+simulation%7C%22propensity+score+matching%22+%22small+sample+size%22+performance+%22monte+carlo%22%7C%22inverse+probability+weighting%22+%22small+sample%22+coverage+%22confidence+interval%22&hl=en&as_sdt=2007&as_ylo=2016&as_yhi=2019"
959,"D McNeish, LM Stapleton, RD Silverman","On the unnecessary ubiquity of hierarchical linear modeling.",2017,"Psychological methods","psycnet.apa.org","https://psycnet.apa.org/fulltext/2016-22467-001.html","https://scholar.google.com/scholar?cites=1262206233713142285&as_sdt=2005&sciodt=2007&hl=en",64,"2026-05-28 08:24:23","","","",,,,,,959,106.56,320,3,9,"… A comprehensive discussion of small sample corrections is … simulation of several corrections used in both HLM and GEE. … so placing a traditional confidence interval around the estimate …","https://files.eric.ed.gov/fulltext/ED646272.pdf","https://scholar.google.com/scholar?q=related:DWrB0eFBhBEJ:scholar.google.com/&scioq=%22propensity+score%22+%22small+sample%22+bias+variance+simulation%7C%22propensity+score+matching%22+%22small+sample+size%22+performance+%22monte+carlo%22%7C%22inverse+probability+weighting%22+%22small+sample%22+coverage+%22confidence+interval%22&hl=en&as_sdt=2007&as_ylo=2016&as_yhi=2019"
0,"M Morko","Imputation methods: Object non response in data",2017,"","diva-portal.org","https://www.diva-portal.org/smash/get/diva2:1650779/FULLTEXT01.pdf","",65,"2026-05-28 08:24:23","PDF","","",,,,,,0,0.00,0,1,9,"… applied with help of Markov Chain Monte Carlo (MCMC). But … preferable than a small sample size since the influences of … Confidence interval with 95% width is smallest for year 2015. …","https://www.diva-portal.org/smash/get/diva2:1650779/FULLTEXT01.pdf","https://scholar.google.com/scholar?q=related:YCPMvT9W4-cJ:scholar.google.com/&scioq=%22propensity+score%22+%22small+sample%22+bias+variance+simulation%7C%22propensity+score+matching%22+%22small+sample+size%22+performance+%22monte+carlo%22%7C%22inverse+probability+weighting%22+%22small+sample%22+coverage+%22confidence+interval%22&hl=en&as_sdt=2007&as_ylo=2016&as_yhi=2019"
7,"EL Butler","Using Patient Preferences to estimate optimal treatment strategies for competing outcomes",2016,"","search.proquest.com","https://search.proquest.com/openview/ebf67d72393a97b5b6275ea4574c9052/1?pq-origsite=gscholar&cbl=18750","https://scholar.google.com/scholar?cites=8824183611685719906&as_sdt=2005&sciodt=2007&hl=en",66,"2026-05-28 08:24:23","","","",,,,,,7,0.70,7,1,10,"… , α(x) denotes the propensity score, and φ is an arbitrary … the coverage rate of the double bootstrap confidence interval … the sum over the histories via Monte Carlo simulation. Because of …","https://cdr.lib.unc.edu/downloads/kw52j922t","https://scholar.google.com/scholar?q=related:Ys9ZBz7MdXoJ:scholar.google.com/&scioq=%22propensity+score%22+%22small+sample%22+bias+variance+simulation%7C%22propensity+score+matching%22+%22small+sample+size%22+performance+%22monte+carlo%22%7C%22inverse+probability+weighting%22+%22small+sample%22+coverage+%22confidence+interval%22&hl=en&as_sdt=2007&as_ylo=2016&as_yhi=2019"
0,"J Liu","Bayesian Inference for Treatment Effect",2017,"","search.proquest.com","https://search.proquest.com/openview/4f7813ac948578683fac5fb1c32dcadf/1?pq-origsite=gscholar&cbl=18750&diss=y","",67,"2026-05-28 08:24:23","","","",,,,,,0,0.00,0,1,9,"… and 95th percentiles of the biases. The horizontal lines are … of treatment weight and propensity score matching. The accuracy … We also considered the case where the variances are the …","https://etd.ohiolink.edu/acprod/odb_etd/ws/send_file/send?accession=ucin1504803668961964&disposition=inline","https://scholar.google.com/scholar?q=related:_jAPuVHjrMQJ:scholar.google.com/&scioq=%22propensity+score%22+%22small+sample%22+bias+variance+simulation%7C%22propensity+score+matching%22+%22small+sample+size%22+performance+%22monte+carlo%22%7C%22inverse+probability+weighting%22+%22small+sample%22+coverage+%22confidence+interval%22&hl=en&as_sdt=2007&as_ylo=2016&as_yhi=2019"
0,"J Hibbard","Harnessing Heterogeneity To Improve Patient Outcomes.",2017,"","cdr.lib.unc.edu","https://cdr.lib.unc.edu/concern/dissertations/7m01bm55n","",68,"2026-05-28 08:24:23","","","",,,,,,0,0.00,0,1,9,"… We will also construct a confidence interval for the effect of a ‘… However this error variable is biased in that, if we have a … the appropriate p-values, and maybe a bootstrap simulation, and …","https://cdr.lib.unc.edu/downloads/mw22v605t","https://scholar.google.com/scholar?q=related:BuARmQsHzyYJ:scholar.google.com/&scioq=%22propensity+score%22+%22small+sample%22+bias+variance+simulation%7C%22propensity+score+matching%22+%22small+sample+size%22+performance+%22monte+carlo%22%7C%22inverse+probability+weighting%22+%22small+sample%22+coverage+%22confidence+interval%22&hl=en&as_sdt=2007&as_ylo=2016&as_yhi=2019"
0,"Y Xie","Empirical Likelihood Methods in Nonignorable Covariate-Missing Data Problems",2019,"","search.proquest.com","https://search.proquest.com/openview/876e4f3547700c27a6e454c2305c371c/1?pq-origsite=gscholar&cbl=18750&diss=y","",69,"2026-05-28 08:24:23","BOOK","","",,,,,,0,0.00,0,1,7,"… for confidence interval construction without variance estimation … in the case of small sample size and large missing rate. … modeled by a parametric model for the propensity score P(D = 1|…","https://etd.ohiolink.edu/acprod/odb_etd/ws/send_file/send?accession=toledo1562371987478916&disposition=inline","https://scholar.google.com/scholar?q=related:qKD7x7T0AwMJ:scholar.google.com/&scioq=%22propensity+score%22+%22small+sample%22+bias+variance+simulation%7C%22propensity+score+matching%22+%22small+sample+size%22+performance+%22monte+carlo%22%7C%22inverse+probability+weighting%22+%22small+sample%22+coverage+%22confidence+interval%22&hl=en&as_sdt=2007&as_ylo=2016&as_yhi=2019"
10,"K Kapur","Principles of biostatistics",2017,"Clinical and translational science","Elsevier","https://www.sciencedirect.com/science/article/pii/B9780128021019000144","https://scholar.google.com/scholar?cites=8688373791016535525&as_sdt=2005&sciodt=2007&hl=en",70,"2026-05-28 08:24:23","","","",,,,,,10,1.11,10,1,9,"Randomized controlled trials (RCTs) are considered a gold standard to measure an intervention's effect by random assignment of individuals to an intervention or a control arm. …","","https://scholar.google.com/scholar?q=related:5cVaEe5Nk3gJ:scholar.google.com/&scioq=%22propensity+score%22+%22small+sample%22+bias+variance+simulation%7C%22propensity+score+matching%22+%22small+sample+size%22+performance+%22monte+carlo%22%7C%22inverse+probability+weighting%22+%22small+sample%22+coverage+%22confidence+interval%22&hl=en&as_sdt=2007&as_ylo=2016&as_yhi=2019"
0,"MH de Jong","The Added Value of Machine Learning to Economics: Evidence from Revisited Studies",2019,"","thesis.eur.nl","https://thesis.eur.nl/pub/45038/","",71,"2026-05-28 08:24:23","","","",,,,,,0,0.00,0,1,7,"… of the propensity score to eliminate regularization bias. However, … variance estimates and to ̂Σmed as median variance … excellent performance has been obtained in several empirical …","https://thesis.eur.nl/pub/45038/Jong-de.pdf","https://scholar.google.com/scholar?q=related:jjAbkKA8GNIJ:scholar.google.com/&scioq=%22propensity+score%22+%22small+sample%22+bias+variance+simulation%7C%22propensity+score+matching%22+%22small+sample+size%22+performance+%22monte+carlo%22%7C%22inverse+probability+weighting%22+%22small+sample%22+coverage+%22confidence+interval%22&hl=en&as_sdt=2007&as_ylo=2016&as_yhi=2019"
0,"S Chanoine","Asthma therapeutic management: a pharmacoepidemiological approach",2017,"","theses.hal.science","https://theses.hal.science/tel-01844010/","",72,"2026-05-28 08:24:23","","","",,,,,,0,0.00,0,1,9,"… method to take into account the indication bias did not offer … The strength and the performance of the propensity score … was to apply a propensity score approach to assess the long…","https://theses.hal.science/tel-01844010/document","https://scholar.google.com/scholar?q=related:HaZbYBd8wXgJ:scholar.google.com/&scioq=%22propensity+score%22+%22small+sample%22+bias+variance+simulation%7C%22propensity+score+matching%22+%22small+sample+size%22+performance+%22monte+carlo%22%7C%22inverse+probability+weighting%22+%22small+sample%22+coverage+%22confidence+interval%22&hl=en&as_sdt=2007&as_ylo=2016&as_yhi=2019"
0,"JF Hayes","Long-term outcomes and the effects of maintenance treatments in bipolar disorder",2017,"","discovery.ucl.ac.uk","https://discovery.ucl.ac.uk/id/eprint/1565573/","",73,"2026-05-28 08:24:23","","","",,,,,,0,0.00,0,1,9,"… The findings of the study by Altamura et al. are limited by small sample size, potential bias and … This study uses a quasiexperimental design using a propensity score (PS) approach to …","https://discovery.ucl.ac.uk/id/eprint/1565573/7/JH_thesis_FINAL_Post_viva.pdf.%20redacted.1.pdf","https://scholar.google.com/scholar?q=related:MdvU232DAhoJ:scholar.google.com/&scioq=%22propensity+score%22+%22small+sample%22+bias+variance+simulation%7C%22propensity+score+matching%22+%22small+sample+size%22+performance+%22monte+carlo%22%7C%22inverse+probability+weighting%22+%22small+sample%22+coverage+%22confidence+interval%22&hl=en&as_sdt=2007&as_ylo=2016&as_yhi=2019"
43,"D Sun, K El-Basyouny, S Ibrahim…","Are school zones effective in reducing speeds and improving safety?",2018,"Canadian Journal of …","cdnsciencepub.com","https://cdnsciencepub.com/doi/abs/10.1139/cjce-2018-0060","https://scholar.google.com/scholar?cites=3659147045741982649&as_sdt=2005&sciodt=2007&hl=en",74,"2026-05-28 08:24:23","","10.1139/cjce-2018-0060","",,,,,,43,5.38,11,4,8,"… also used a relatively small sample size with few selected sites, … by 1 (with 1 covered in the confidence interval), this indicates a … Use of propensity score matching method and hybrid …","https://utoronto.scholaris.ca/bitstreams/f0764c18-35a2-4d15-a086-1bc31240ac9a/download","https://scholar.google.com/scholar?q=related:ufNe4tnmxzIJ:scholar.google.com/&scioq=%22propensity+score%22+%22small+sample%22+bias+variance+simulation%7C%22propensity+score+matching%22+%22small+sample+size%22+performance+%22monte+carlo%22%7C%22inverse+probability+weighting%22+%22small+sample%22+coverage+%22confidence+interval%22&hl=en&as_sdt=2007&as_ylo=2016&as_yhi=2019"
0,"A King, L Li, YI Hser","for Primary and Secondary Analysis",2017,"Research Methods in the Study of …","books.google.com","https://books.google.com/books?hl=en&lr=&id=LNgoDwAAQBAJ&oi=fnd&pg=PA81&dq=%22propensity+score%22+%22small+sample%22+bias+variance+simulation%7C%22propensity+score+matching%22+%22small+sample+size%22+performance+%22monte+carlo%22%7C%22inverse+probability+weighting%22+%22small+sample%22+coverage+%22confidence+interval%22&ots=twgDkNNOM2&sig=mpA9JSbyYdaSD8AHmGOeUa6Hs2w","",75,"2026-05-28 08:24:23","","","",,,,,,0,0.00,0,3,9,"… Simulation conditions are usually limited in scope and can… of the sample (eg, small sample size, excess kurtosis). The ML … 5 Propensity-Score Analysis from its posterior means, …","","https://scholar.google.com/scholar?q=related:Rrz048HxuPAJ:scholar.google.com/&scioq=%22propensity+score%22+%22small+sample%22+bias+variance+simulation%7C%22propensity+score+matching%22+%22small+sample+size%22+performance+%22monte+carlo%22%7C%22inverse+probability+weighting%22+%22small+sample%22+coverage+%22confidence+interval%22&hl=en&as_sdt=2007&as_ylo=2016&as_yhi=2019"
0,"S Hoa","Incidence and progression of interstitial lung disease in systemic sclerosis patients without significant interstitial lung disease: associations with …",2019,"","search.proquest.com","https://search.proquest.com/openview/c03b6d4b57cec6e3d1d6137ad1178451/1?pq-origsite=gscholar&cbl=18750&diss=y","",76,"2026-05-28 08:24:23","BOOK","","",,,,,,0,0.00,0,1,7,"… by their small sample sizes (N=… inverse probability weighting methods have the advantage of retaining data from all study participants, which is not the case for propensity score matching…","https://escholarship.mcgill.ca/downloads/gq67jt50f","https://scholar.google.com/scholar?q=related:W69TbEgZPC0J:scholar.google.com/&scioq=%22propensity+score%22+%22small+sample%22+bias+variance+simulation%7C%22propensity+score+matching%22+%22small+sample+size%22+performance+%22monte+carlo%22%7C%22inverse+probability+weighting%22+%22small+sample%22+coverage+%22confidence+interval%22&hl=en&as_sdt=2007&as_ylo=2016&as_yhi=2019"
1,"D Slichter","Essays in applied econometrics",2016,"","search.proquest.com","https://search.proquest.com/openview/01872c9c3026db3d27268362fb50212b/1?pq-origsite=gscholar&cbl=18750","https://scholar.google.com/scholar?cites=13961390106690960655&as_sdt=2005&sciodt=2007&hl=en",77,"2026-05-28 08:24:23","BOOK","","",,,,,,1,0.10,1,1,10,"… Appendix A.4 contains a simulation in which Assumption 1 … occur at least partially because of small sample size; there are … into 25 quantiles by their estimated propensity score. (The …","https://urresearch.rochester.edu/fileDownloadForInstitutionalItem.action?itemId=30421&itemFileId=166595","https://scholar.google.com/scholar?q=related:D73311TSwMEJ:scholar.google.com/&scioq=%22propensity+score%22+%22small+sample%22+bias+variance+simulation%7C%22propensity+score+matching%22+%22small+sample+size%22+performance+%22monte+carlo%22%7C%22inverse+probability+weighting%22+%22small+sample%22+coverage+%22confidence+interval%22&hl=en&as_sdt=2007&as_ylo=2016&as_yhi=2019"
0,"AE Wallace","Assisted Conception and Risk of Autism Spectrum Disorder in a Large Commercially Insured Population in the United States",2017,"","researchdiscovery.drexel.edu","https://researchdiscovery.drexel.edu/esploro/outputs/doctoral/Assisted-Conception-and-Risk-of-Autism/991014632161404721","",78,"2026-05-28 08:24:23","","","",,,,,,0,0.00,0,1,9,"… This study’s small sample size makes it difficult to evaluate … plan coverage of infertility treatment will also affect coverage … Taiwan; 248 ART exposed births were propensity score …","https://researchdiscovery.drexel.edu/esploro/fulltext/doctoral/Assisted-Conception-and-Risk-of-Autism/991014632161404721?repId=12321388130004721&mId=13321518880004721&institution=01DRXU_INST","https://scholar.google.com/scholar?q=related:P8tf4sEY_QkJ:scholar.google.com/&scioq=%22propensity+score%22+%22small+sample%22+bias+variance+simulation%7C%22propensity+score+matching%22+%22small+sample+size%22+performance+%22monte+carlo%22%7C%22inverse+probability+weighting%22+%22small+sample%22+coverage+%22confidence+interval%22&hl=en&as_sdt=2007&as_ylo=2016&as_yhi=2019"
0,"L Kleinberg","THE PROCEEDINGS OF ACRO 2017",,"Springer","","https://link.springer.com/article/10.1007/s13566-017-0316-5","",79,"2026-05-28 08:24:23","","10.1007/s13566-017-0316-5","",,,,,,0,0.00,0,1,,"… Conditional landmark and propensity score analyses were … The small sample size limits evaluation of efficacy and safety … error 6.1% at 95% confidence interval). The respondents were …","","https://scholar.google.com/scholar?q=related:xQiwUApFz2AJ:scholar.google.com/&scioq=%22propensity+score%22+%22small+sample%22+bias+variance+simulation%7C%22propensity+score+matching%22+%22small+sample+size%22+performance+%22monte+carlo%22%7C%22inverse+probability+weighting%22+%22small+sample%22+coverage+%22confidence+interval%22&hl=en&as_sdt=2007&as_ylo=2016&as_yhi=2019"
0,"M Harris","Household Sanitation Services in Sub-Saharan Africa: Coverage Targets, Child Health Outcomes, and a Benefit-cost Analysis",2019,"","search.proquest.com","https://search.proquest.com/openview/01626f4ca98120871ded111b3e76a0db/1?pq-origsite=gscholar&cbl=18750&diss=y","",80,"2026-05-28 08:24:23","BOOK","","",,,,,,0,0.00,0,1,7,"… each 10% increase in latrine coverage was associated with a … distance matching, propensity score matching, and coarsened … analysis: details on Monte Carlo simulation, sensitivity tests, …","","https://scholar.google.com/scholar?q=related:X5U1zSUJnMgJ:scholar.google.com/&scioq=%22propensity+score%22+%22small+sample%22+bias+variance+simulation%7C%22propensity+score+matching%22+%22small+sample+size%22+performance+%22monte+carlo%22%7C%22inverse+probability+weighting%22+%22small+sample%22+coverage+%22confidence+interval%22&hl=en&as_sdt=2007&as_ylo=2016&as_yhi=2019"
0,"D Thor","Radiation dose-, contrast media-and image quality optimization in computed tomography",2019,"","search.proquest.com","https://search.proquest.com/openview/aca97ab67e0250bd465405a5c930f511/1?pq-origsite=gscholar&cbl=18750&diss=y","",81,"2026-05-28 08:24:23","","","",,,,,,0,0.00,0,1,7,"… matched risk factors (propensity score matching) who were … The conversion factors have been derived using Monte Carlo … The major limitations of the study was the small sample size …","https://openarchive.ki.se/articles/thesis/Radiation_dose-_contrast_media-_and_image_quality_optimization_in_computed_tomography/26912182/1/files/48956179.pdf","https://scholar.google.com/scholar?q=related:QSAgPb1TSoIJ:scholar.google.com/&scioq=%22propensity+score%22+%22small+sample%22+bias+variance+simulation%7C%22propensity+score+matching%22+%22small+sample+size%22+performance+%22monte+carlo%22%7C%22inverse+probability+weighting%22+%22small+sample%22+coverage+%22confidence+interval%22&hl=en&as_sdt=2007&as_ylo=2016&as_yhi=2019"
2,"L Nielsen, C Stege, B Witte, B Holt, UH Mellqvist…","Health-related quality of life in non-transplant eligible newly diagnosed multiple myeloma patients treated with melphalan/prednisolone plus either thalidomide or …",2017,"","pure.amsterdamumc.nl","https://pure.amsterdamumc.nl/en/publications/health-related-quality-of-life-in-non-transplant-eligible-newly-d/","https://scholar.google.com/scholar?cites=15663448596017689327&as_sdt=2005&sciodt=2007&hl=en",82,"2026-05-28 08:24:23","","","",,,,,,2,0.22,0,6,9,"… Model covariates included a propensity score that adjusted for … Standardized mean differences with 95% confidence interval … could result with small sample sizes and few test items. …","https://pure.amsterdamumc.nl/files/159025605/Health-related-quality-of-life-in-non-transplant-eligible-newly-diagnosed-multiple-myeloma-patients-treated-with-melphal.pdf","https://scholar.google.com/scholar?q=related:77I5c4K_X9kJ:scholar.google.com/&scioq=%22propensity+score%22+%22small+sample%22+bias+variance+simulation%7C%22propensity+score+matching%22+%22small+sample+size%22+performance+%22monte+carlo%22%7C%22inverse+probability+weighting%22+%22small+sample%22+coverage+%22confidence+interval%22&hl=en&as_sdt=2007&as_ylo=2016&as_yhi=2019"
0,"MVAB Queiroz","Dois ensaios sobre a melhoria da qualidade do ensino primário no Brasil: o efeito sobre o desempenho escolar a partir da projeção da infraestrutura escolar …",2019,"","repositorio.ufrn.br","https://repositorio.ufrn.br/bitstreams/84f2f465-032e-4d23-8e55-5bd2c2e9a0ec/download","",83,"2026-05-28 08:24:23","PDF","","",,,,,,0,0.00,0,1,7,"… of the augmented weighted propensity score method, which … Despite expanding coverage by 32 percent by the 1990s the … of the Augmented Inverse-Probability Weighting (AIPW) …","https://repositorio.ufrn.br/bitstreams/84f2f465-032e-4d23-8e55-5bd2c2e9a0ec/download","https://scholar.google.com/scholar?q=related:1B0SI7MV7VwJ:scholar.google.com/&scioq=%22propensity+score%22+%22small+sample%22+bias+variance+simulation%7C%22propensity+score+matching%22+%22small+sample+size%22+performance+%22monte+carlo%22%7C%22inverse+probability+weighting%22+%22small+sample%22+coverage+%22confidence+interval%22&hl=en&as_sdt=2007&as_ylo=2016&as_yhi=2019"
0,"CCTP Mazzutti","Three essays on the causal impacts of child labour laws in Brazil",2016,"","sussex.figshare.com","https://sussex.figshare.com/articles/thesis/Three_essays_on_the_causal_impacts_of_child_labour_laws_in_Brazil/23437328","",84,"2026-05-28 08:24:23","","","",,,,,,0,0.00,0,1,10,"… Given the relatively small sample size and the imperfect enforceability of the law, the … If that was the case, even if for a relatively small sample of firms, one should expect the law …","https://sussex.figshare.com/articles/thesis/Three_essays_on_the_causal_impacts_of_child_labour_laws_in_Brazil/23437328/1/files/41149004.pdf","https://scholar.google.com/scholar?q=related:0zFkgvkG4MIJ:scholar.google.com/&scioq=%22propensity+score%22+%22small+sample%22+bias+variance+simulation%7C%22propensity+score+matching%22+%22small+sample+size%22+performance+%22monte+carlo%22%7C%22inverse+probability+weighting%22+%22small+sample%22+coverage+%22confidence+interval%22&hl=en&as_sdt=2007&as_ylo=2016&as_yhi=2019"
2,"LH Binge","Methods for aggregating microeconomic data: applications to art prices, business sentiment and historical commodity prices",2018,"","scholar.sun.ac.za","https://scholar.sun.ac.za/handle/10019.1/103319","https://scholar.google.com/scholar?cites=6821218992076113862&as_sdt=2005&sciodt=2007&hl=en",85,"2026-05-28 08:24:23","","","",,,,,,2,0.25,2,1,8,"… incomplete, in terms of the coverage of both products and towns… , which means that only a small sample of market prices are … bias, but have the shortcoming of potential sample selection …","https://scholar.sun.ac.za/bitstream/handle/10019.1/103319/binge_methods_2018.pdf?sequence=2&isAllowed=y","https://scholar.google.com/scholar?q=related:xkfYbYjWqV4J:scholar.google.com/&scioq=%22propensity+score%22+%22small+sample%22+bias+variance+simulation%7C%22propensity+score+matching%22+%22small+sample+size%22+performance+%22monte+carlo%22%7C%22inverse+probability+weighting%22+%22small+sample%22+coverage+%22confidence+interval%22&hl=en&as_sdt=2007&as_ylo=2016&as_yhi=2019"
0,"J Brady, R El-Kareh, K Gleason, P Greenberg…","Diagnostic Error in Medicine",2018,"","degruyterbrill.com","https://www.degruyterbrill.com/document/doi/10.1515/dx-2018-0095/html","",86,"2026-05-28 08:24:23","HTML","10.1515/dx-2018-0095","",,,,,,0,0.00,0,5,8,"… atypical cases to improve diagnostic performance. The clinical … from referral bias, we used propensity-score matching to … Limitations of this study include a small sample size in a single …","https://www.degruyterbrill.com/document/doi/10.1515/dx-2018-0095/html","https://scholar.google.com/scholar?q=related:ylzhIcBszQ8J:scholar.google.com/&scioq=%22propensity+score%22+%22small+sample%22+bias+variance+simulation%7C%22propensity+score+matching%22+%22small+sample+size%22+performance+%22monte+carlo%22%7C%22inverse+probability+weighting%22+%22small+sample%22+coverage+%22confidence+interval%22&hl=en&as_sdt=2007&as_ylo=2016&as_yhi=2019"
0,"P Torres","Evaluation of residential efficiency measures: methods for modeling end-use demands",2016,"","repositories.lib.utexas.edu","https://repositories.lib.utexas.edu/items/c7f796c0-dda5-4470-9633-05d3641713a6","",87,"2026-05-28 08:24:23","","","",,,,,,0,0.00,0,1,10,"… Monte Carlo simulation of levelized cost of water. a. The … across sources via propensity score matching, the RECS model … methods in view of small sample size limitations to evaluate …","https://repositories.lib.utexas.edu/bitstreams/3a6c0ca5-ef6c-4c52-b057-d85f80a33547/download","https://scholar.google.com/scholar?q=related:VatBfltf-VUJ:scholar.google.com/&scioq=%22propensity+score%22+%22small+sample%22+bias+variance+simulation%7C%22propensity+score+matching%22+%22small+sample+size%22+performance+%22monte+carlo%22%7C%22inverse+probability+weighting%22+%22small+sample%22+coverage+%22confidence+interval%22&hl=en&as_sdt=2007&as_ylo=2016&as_yhi=2019"
1,"Y Lin","Distributed practice for cardiopulmonary resuscitation (CPR) training: improving educational efficiency and cost-effectiveness in clinical settings",2019,"","ucalgary.scholaris.ca","https://ucalgary.scholaris.ca/items/0f3decac-a0bc-4581-a3e3-32bc873aab43","https://scholar.google.com/scholar?cites=7651874414856035083&as_sdt=2005&sciodt=2007&hl=en",88,"2026-05-28 08:24:23","","","",,,,,,1,0.14,1,1,7,"… Cost: the missing outcome in simulationbased medical education research: a systematic … initial shockable rhythm in hospital: propensity score matched analysis. BMJ. 2016;353:i1577. …","https://ucalgary.scholaris.ca/bitstreams/e92354b6-dd26-41ba-803a-dfbd2ec07b23/download","https://scholar.google.com/scholar?q=related:C9tkKz3rMGoJ:scholar.google.com/&scioq=%22propensity+score%22+%22small+sample%22+bias+variance+simulation%7C%22propensity+score+matching%22+%22small+sample+size%22+performance+%22monte+carlo%22%7C%22inverse+probability+weighting%22+%22small+sample%22+coverage+%22confidence+interval%22&hl=en&as_sdt=2007&as_ylo=2016&as_yhi=2019"
0,"RE Avelar, B Dadashova, L Higgins, G Gillette","Using SHRP2-Nds Data to Investigate Freeway Operations, Human Factors, and Safety",2018,"","rosap.ntl.bts.gov","https://rosap.ntl.bts.gov/view/dot/36653","",89,"2026-05-28 08:24:23","","","",,,,,,0,0.00,0,4,8,"… driving situations to investigate variability in speed of choice (… researchers conducted a Monte Carlo simulation using traffic … with an upper and lower confidence interval for the estimate. …","https://rosap.ntl.bts.gov/view/dot/36653/dot_36653_DS1.pdf","https://scholar.google.com/scholar?q=related:to5pS_liltIJ:scholar.google.com/&scioq=%22propensity+score%22+%22small+sample%22+bias+variance+simulation%7C%22propensity+score+matching%22+%22small+sample+size%22+performance+%22monte+carlo%22%7C%22inverse+probability+weighting%22+%22small+sample%22+coverage+%22confidence+interval%22&hl=en&as_sdt=2007&as_ylo=2016&as_yhi=2019"
0,"D MCNEISH, LM STAPLETON, RD SILVERMAN","THE UNNECESSARY UBIQUITY OF HLM",,"researchgate.net","","https://www.researchgate.net/profile/Daniel-Mcneish/publication/292091130_On_the_Unnecessary_Ubiquity_of_Hierarchical_Linear_Modeling/links/5bca3d60299bf17a1c6195f3/On-the-Unnecessary-Ubiquity-of-Hierarchical-Linear-Modeling.pdf","",90,"2026-05-28 08:24:23","PDF","","",,,,,,0,0.00,0,3,,"… A comprehensive discussion of small sample corrections is … so placing a traditional confidence interval around the estimate using … 10 The propensity score model was built using logistic …","https://www.researchgate.net/profile/Daniel-Mcneish/publication/292091130_On_the_Unnecessary_Ubiquity_of_Hierarchical_Linear_Modeling/links/5bca3d60299bf17a1c6195f3/On-the-Unnecessary-Ubiquity-of-Hierarchical-Linear-Modeling.pdf","https://scholar.google.com/scholar?q=related:lRH_IWf7gVUJ:scholar.google.com/&scioq=%22propensity+score%22+%22small+sample%22+bias+variance+simulation%7C%22propensity+score+matching%22+%22small+sample+size%22+performance+%22monte+carlo%22%7C%22inverse+probability+weighting%22+%22small+sample%22+coverage+%22confidence+interval%22&hl=en&as_sdt=2007&as_ylo=2016&as_yhi=2019"
0,"LM McEwen","DNA methylation variation across the human life course",2018,"","open.library.ubc.ca","https://open.library.ubc.ca/soa/cIRcle/collections/ubctheses/24/items/1.0372530","",91,"2026-05-28 08:24:23","","","",,,,,,0,0.00,0,1,8,"… extensive coverage of the human methylome; however, the two designs introduce variation … ASD and TD, we again performed propensity score matching on this subset and observed a …","https://open.library.ubc.ca/media/download/pdf/24/1.0372530/3","https://scholar.google.com/scholar?q=related:2EB-0rOn42IJ:scholar.google.com/&scioq=%22propensity+score%22+%22small+sample%22+bias+variance+simulation%7C%22propensity+score+matching%22+%22small+sample+size%22+performance+%22monte+carlo%22%7C%22inverse+probability+weighting%22+%22small+sample%22+coverage+%22confidence+interval%22&hl=en&as_sdt=2007&as_ylo=2016&as_yhi=2019"
0,"A Bowen, K Rothwell, E Patchick…","S. Belson1 1International Development Manager, World Stroke Organization, Geneva, Switzerland",2018,"World Stroke …","academia.edu","https://www.academia.edu/download/113120222/1747493018789543.pdf#page=100","",92,"2026-05-28 08:24:23","PDF","","",,,,,,0,0.00,0,4,8,"… care and addressing unwarranted variation. We called for a … Hedges g (an index of Cohens d ) due to small sample size. … OR for nonwhites was 3.2 (confidence interval [CI], 3.0–4.11) …","https://www.academia.edu/download/113120222/1747493018789543.pdf#page=100","https://scholar.google.com/scholar?q=related:7l6tb2WFVbYJ:scholar.google.com/&scioq=%22propensity+score%22+%22small+sample%22+bias+variance+simulation%7C%22propensity+score+matching%22+%22small+sample+size%22+performance+%22monte+carlo%22%7C%22inverse+probability+weighting%22+%22small+sample%22+coverage+%22confidence+interval%22&hl=en&as_sdt=2007&as_ylo=2016&as_yhi=2019"
1,"A Chettiar","Increasing the value of end-of-life care for end-stage renal disease patients: the role of palliative care, advance directives and healthcare value measurement",2017,"","search.proquest.com","https://search.proquest.com/openview/065e68acbeeb397fb4b921e060a6d73e/1?pq-origsite=gscholar&cbl=18750","https://scholar.google.com/scholar?cites=3389049864633700355&as_sdt=2005&sciodt=2007&hl=en",93,"2026-05-28 08:24:23","BOOK","","",,,,,,1,0.11,1,1,9,"… in 2012 and 2013 was assessed with propensity score matching, and generalized linear modeling of … statistical significance is likely due to small sample size (n=29) in this pilot study. …","","https://scholar.google.com/scholar?q=related:A9CTW-VSCC8J:scholar.google.com/&scioq=%22propensity+score%22+%22small+sample%22+bias+variance+simulation%7C%22propensity+score+matching%22+%22small+sample+size%22+performance+%22monte+carlo%22%7C%22inverse+probability+weighting%22+%22small+sample%22+coverage+%22confidence+interval%22&hl=en&as_sdt=2007&as_ylo=2016&as_yhi=2019"
0,"MQ Moody","Essays on the Gender Gap and the Effects of Secondary School Expansion: Evidence from the Early Twentieth Century's High School Movement",2016,"","search.proquest.com","https://search.proquest.com/openview/d5786a109ed11b8c1274ef56e74e357d/1?pq-origsite=gscholar&cbl=18750","",94,"2026-05-28 08:24:23","BOOK","","",,,,,,0,0.00,0,1,10,"… to reject the hypothesis that the salaries are equal at the 95% confidence interval. … I believe them to be rare based on their performance summing across rows and columns. There are …","","https://scholar.google.com/scholar?q=related:jZGwVBkL3e4J:scholar.google.com/&scioq=%22propensity+score%22+%22small+sample%22+bias+variance+simulation%7C%22propensity+score+matching%22+%22small+sample+size%22+performance+%22monte+carlo%22%7C%22inverse+probability+weighting%22+%22small+sample%22+coverage+%22confidence+interval%22&hl=en&as_sdt=2007&as_ylo=2016&as_yhi=2019"
0,"MD Shakeel","The Private School Advantage: Evidence from School Vouchers and Educational Leadership",2018,"","search.proquest.com","https://search.proquest.com/openview/2e5dcbff6768fb77ffb1686751132073/1?pq-origsite=gscholar&cbl=18750","",95,"2026-05-28 08:24:23","BOOK","","",,,,,,0,0.00,0,1,8,"… difficult to measure how much bias is present when relying on quasi-experimental … the research design and comparison groups biased the impact estimates towards zero. If one has …","https://scholarworks.uark.edu/cgi/viewcontent.cgi?article=4395&context=etd","https://scholar.google.com/scholar?q=related:6iV8F4jg8QIJ:scholar.google.com/&scioq=%22propensity+score%22+%22small+sample%22+bias+variance+simulation%7C%22propensity+score+matching%22+%22small+sample+size%22+performance+%22monte+carlo%22%7C%22inverse+probability+weighting%22+%22small+sample%22+coverage+%22confidence+interval%22&hl=en&as_sdt=2007&as_ylo=2016&as_yhi=2019"
1,"WC Rutter IV","Using Machine Learning to Predict Acute Kidney Injuries Among Patients Treated with Empiric Antibiotics",2018,"","uknowledge.uky.edu","https://uknowledge.uky.edu/pharmacy_etds/86/","https://scholar.google.com/scholar?cites=1133704019225441332&as_sdt=2005&sciodt=2007&hl=en",96,"2026-05-28 08:24:23","","","",,,,,,1,0.13,1,1,8,"… are at significantly greater risk of AKI than alternative regimens for empiric coverage of infection. … was limited by the choice to only complete bivariable analysis and small sample size. …","https://uknowledge.uky.edu/cgi/viewcontent.cgi?article=1088&context=pharmacy_etds","https://scholar.google.com/scholar?q=related:NHRdgsy5uw8J:scholar.google.com/&scioq=%22propensity+score%22+%22small+sample%22+bias+variance+simulation%7C%22propensity+score+matching%22+%22small+sample+size%22+performance+%22monte+carlo%22%7C%22inverse+probability+weighting%22+%22small+sample%22+coverage+%22confidence+interval%22&hl=en&as_sdt=2007&as_ylo=2016&as_yhi=2019"
