PMID,Title,Authors,Citation,First Author,Journal/Book,Publication Year,Create Date,PMCID,NIHMS ID,DOI
"11391697","Methods for testing equality of means of health care costs in a paired design study","Zhou XH, Li C, Gao S, Tierney WM.","Stat Med. 2001 Jun 15;20(11):1703-20. doi: 10.1002/sim.780.","Zhou XH","Stat Med","2001","2001/06/08","","","10.1002/sim.780"
"12111903","Using inverse weighting and predictive inference to estimate the effects of time-varying treatments on the discrete-time hazard","Dawson R, Lavori PW.","Stat Med. 2002 Jun 30;21(12):1641-61; discussion 1663-87. doi: 10.1002/sim.1111.","Dawson R","Stat Med","2002","2002/07/12","","","10.1002/sim.1111"
"17219754","A note on sample size calculation based on propensity analysis in nonrandomized trials","Jung SH, Chow SC, Chi EM.","J Biopharm Stat. 2007;17(1):35-41; discussion 43. doi: 10.1080/10543400601044790.","Jung SH","J Biopharm Stat","2007","2007/01/16","","","10.1080/10543400601044790"
"19012316","Bias in a binary risk behaviour model subject to inconsistent reports and dropout in a South African high school cohort study","Chikobvu P, Lombard CJ, Flisher AJ, King G, Townsend L, Muller M.","Stat Med. 2009 Feb 1;28(3):494-509. doi: 10.1002/sim.3482.","Chikobvu P","Stat Med","2009","2008/11/18","","","10.1002/sim.3482"
"19053998","Extensions of the penalized spline of propensity prediction method of imputation","Zhang G, Little R.","Biometrics. 2009 Sep;65(3):911-8. doi: 10.1111/j.1541-0420.2008.01155.x. Epub 2008 Nov 13.","Zhang G","Biometrics","2009","2008/12/05","","","10.1111/j.1541-0420.2008.01155.x"
"19432773","Adjustment for missingness using auxiliary information in semiparametric regression","Zeng D, Chen Q.","Biometrics. 2010 Mar;66(1):115-22. doi: 10.1111/j.1541-0420.2009.01231.x. Epub 2009 May 7.","Zeng D","Biometrics","2010","2009/05/13","PMC3148802","NIHMS306451","10.1111/j.1541-0420.2009.01231.x"
"19795365","An application of propensity score methods to estimate the treatment effect of corticosteroids in patients with severe cutaneous adverse reactions","Sekula P, Caputo A, Dunant A, Roujeau JC, Mockenhaupt M, Sidoroff A, Schumacher M.","Pharmacoepidemiol Drug Saf. 2010 Jan;19(1):10-8. doi: 10.1002/pds.1863.","Sekula P","Pharmacoepidemiol Drug Saf","2010","2009/10/02","","","10.1002/pds.1863"
"19912596","Use of stabilized inverse propensity scores as weights to directly estimate relative risk and its confidence intervals","Xu S, Ross C, Raebel MA, Shetterly S, Blanchette C, Smith D.","Value Health. 2010 Mar-Apr;13(2):273-7. doi: 10.1111/j.1524-4733.2009.00671.x. Epub 2009 Nov 12.","Xu S","Value Health","2010","2009/11/17","PMC4351790","NIHMS475004","10.1111/j.1524-4733.2009.00671.x"
"21170907","Confounder-adjusted estimates of the risk difference using propensity score-based weighting","Ukoumunne OC, Williamson E, Forbes AB, Gulliford MC, Carlin JB.","Stat Med. 2010 Dec 30;29(30):3126-36. doi: 10.1002/sim.3935.","Ukoumunne OC","Stat Med","2010","2010/12/21","","","10.1002/sim.3935"
"21805529","Measuring balance and model selection in propensity score methods","Belitser SV, Martens EP, Pestman WR, Groenwold RH, de Boer A, Klungel OH.","Pharmacoepidemiol Drug Saf. 2011 Nov;20(11):1115-29. doi: 10.1002/pds.2188. Epub 2011 Jul 29.","Belitser SV","Pharmacoepidemiol Drug Saf","2011","2011/08/02","","","10.1002/pds.2188"
"22139832","Estimating the agreement and diagnostic accuracy of two diagnostic tests when one test is conducted on only a subsample of specimens","Katki HA, Li Y, Edelstein DW, Castle PE.","Stat Med. 2012 Feb 28;31(5):436-48. doi: 10.1002/sim.4422. Epub 2011 Dec 4.","Katki HA","Stat Med","2012","2011/12/06","PMC3809897","NIHMS519364","10.1002/sim.4422"
"22359267","Model misspecification and robustness in causal inference: comparing matching with doubly robust estimation","Waernbaum I.","Stat Med. 2012 Jul 10;31(15):1572-81. doi: 10.1002/sim.4496. Epub 2012 Feb 23.","Waernbaum I","Stat Med","2012","2012/02/24","","","10.1002/sim.4496"
"22646911","Evaluation of the propensity score methods for estimating marginal odds ratios in case of small sample size","Pirracchio R, Resche-Rigon M, Chevret S.","BMC Med Res Methodol. 2012 May 30;12:70. doi: 10.1186/1471-2288-12-70.","Pirracchio R","BMC Med Res Methodol","2012","2012/06/01","PMC3511219","","10.1186/1471-2288-12-70"
"22944721","Evaluating treatment effectiveness in patient subgroups: a comparison of propensity score methods with an automated matching approach","Radice R, Ramsahai R, Grieve R, Kreif N, Sadique Z, Sekhon JS.","Int J Biostat. 2012 Aug 7;8(1):25. doi: 10.1515/1557-4679.1382.","Radice R","Int J Biostat","2012","2012/09/05","","","10.1515/1557-4679.1382"
"22956891","Bias and variance trade-offs when combining propensity score weighting and regression: with an application to HIV status and homeless men","Golinelli D, Ridgeway G, Rhoades H, Tucker J, Wenzel S.","Health Serv Outcomes Res Methodol. 2012 Jun;12(2-3):104-118. doi: 10.1007/s10742-012-0090-1.","Golinelli D","Health Serv Outcomes Res Methodol","2012","2012/09/08","PMC3433039","NIHMS382984","10.1007/s10742-012-0090-1"
"23800533","Within-center matching performed better when using propensity score matching to analyze multicenter survival data: empirical and Monte Carlo studies","Gayat E, Thabut G, Christie JD, Mebazaa A, Mary JY, Porcher R.","J Clin Epidemiol. 2013 Sep;66(9):1029-37. doi: 10.1016/j.jclinepi.2013.03.018. Epub 2013 Jun 22.","Gayat E","J Clin Epidemiol","2013","2013/06/27","","","10.1016/j.jclinepi.2013.03.018"
"23857890","Genome-wide association analysis accounting for environmental factors through propensity-score matching: application to stressful live events in major depressive disorder","Power RA, Cohen-Woods S, Ng MY, Butler AW, Craddock N, Korszun A, Jones L, Jones I, Gill M, Rice JP, Maier W, Zobel A, Mors O, Placentino A, Rietschel M, Aitchison KJ, Tozzi F, Muglia P, Breen G, Farmer AE, McGuffin P, Lewis CM, Uher R.","Am J Med Genet B Neuropsychiatr Genet. 2013 Sep;162B(6):521-9. doi: 10.1002/ajmg.b.32180. Epub 2013 Jul 15.","Power RA","Am J Med Genet B Neuropsychiatr Genet","2013","2013/07/17","","","10.1002/ajmg.b.32180"
"23910956","Using balance statistics to determine the optimal number of controls in matching studies","Linden A, Samuels SJ.","J Eval Clin Pract. 2013 Oct;19(5):968-75. doi: 10.1111/jep.12072. Epub 2013 Aug 3.","Linden A","J Eval Clin Pract","2013","2013/08/06","","","10.1111/jep.12072"
"24403869","Generalized Redistribute-to-the-Right Algorithm: Application to the Analysis of Censored Cost Data","Chen S, Zhao H.","J Stat Theory Pract. 2013 Apr 1;7(2):10.1080/15598608.2013.771556. doi: 10.1080/15598608.2013.771556.","Chen S","J Stat Theory Pract","2013","2014/01/10","PMC3882135","NIHMS534713","10.1080/15598608.2013.771556"
"24478163","Propensity score balance measures in pharmacoepidemiology: a simulation study","Ali MS, Groenwold RH, Pestman WR, Belitser SV, Roes KC, Hoes AW, de Boer A, Klungel OH.","Pharmacoepidemiol Drug Saf. 2014 Aug;23(8):802-11. doi: 10.1002/pds.3574. Epub 2014 Jan 29.","Ali MS","Pharmacoepidemiol Drug Saf","2014","2014/01/31","","","10.1002/pds.3574"
"24845211","An approach to addressing selection bias in survival analysis","Carlin CS, Solid CA.","Stat Med. 2014 Oct 15;33(23):4073-86. doi: 10.1002/sim.6211. Epub 2014 May 20.","Carlin CS","Stat Med","2014","2014/05/22","PMC4159434","NIHMS594535","10.1002/sim.6211"
"25148300","Exploring two cost-adjustment methods for selection bias in a small sample: using a fetal cardiology dataset","Mistry H.","Int J Technol Assess Health Care. 2014 Jul;30(3):325-32. doi: 10.1017/S026646231400021X. Epub 2014 Aug 22.","Mistry H","Int J Technol Assess Health Care","2014","2014/08/23","","","10.1017/S026646231400021X"
"25751514","Structural equation modeling versus marginal structural modeling for assessing mediation in the presence of posttreatment confounding","Moerkerke B, Loeys T, Vansteelandt S.","Psychol Methods. 2015 Jun;20(2):204-20. doi: 10.1037/a0036368. Epub 2015 Mar 9.","Moerkerke B","Psychol Methods","2015","2015/03/10","","","10.1037/a0036368"
"25803086","Double bias: estimation of causal effects from length-biased samples in the presence of confounding","Ertefaie A, Asgharian M, Stephens DA.","Int J Biostat. 2015 May;11(1):69-89. doi: 10.1515/ijb-2014-0037.","Ertefaie A","Int J Biostat","2015","2015/03/25","","","10.1515/ijb-2014-0037"
"26472109","Statistical power in parallel group point exposure studies with time-to-event outcomes: an empirical comparison of the performance of randomized controlled trials and the inverse probability of treatment weighting (IPTW) approach","Austin PC, Schuster T, Platt RW.","BMC Med Res Methodol. 2015 Oct 15;15:87. doi: 10.1186/s12874-015-0081-3.","Austin PC","BMC Med Res Methodol","2015","2015/10/17","PMC4608110","","10.1186/s12874-015-0081-3"
"26988930","Correcting for dependent censoring in routine outcome monitoring data by applying the inverse probability censoring weighted estimator","Willems S, Schat A, van Noorden MS, Fiocco M.","Stat Methods Med Res. 2018 Feb;27(2):323-335. doi: 10.1177/0962280216628900. Epub 2016 Mar 17.","Willems S","Stat Methods Med Res","2018","2016/03/19","","","10.1177/0962280216628900"
"26991040","Propensity score matching and subclassification in observational studies with multi-level treatments","Yang S, Imbens GW, Cui Z, Faries DE, Kadziola Z.","Biometrics. 2016 Dec;72(4):1055-1065. doi: 10.1111/biom.12505. Epub 2016 Mar 17.","Yang S","Biometrics","2016","2016/03/19","","","10.1111/biom.12505"
"27082778","The effect of statins on mortality in heart failure with preserved ejection fraction: a meta-analysis of propensity score analyses","Fukuta H, Goto T, Wakami K, Ohte N.","Int J Cardiol. 2016 Jul 1;214:301-6. doi: 10.1016/j.ijcard.2016.03.186. Epub 2016 Apr 4.","Fukuta H","Int J Cardiol","2016","2016/04/16","","","10.1016/j.ijcard.2016.03.186"
"27227724","Data-Adaptive Bias-Reduced Doubly Robust Estimation","Vermeulen K, Vansteelandt S.","Int J Biostat. 2016 May 1;12(1):253-82. doi: 10.1515/ijb-2015-0029.","Vermeulen K","Int J Biostat","2016","2016/05/27","","","10.1515/ijb-2015-0029"
"27669718","Healthcare Disparities in Hispanic Diabetes Care: A Propensity Score-Matched Study","Lai LL, Alfaifi A, Althemery A.","J Immigr Minor Health. 2017 Oct;19(5):1001-1008. doi: 10.1007/s10903-016-0505-0.","Lai LL","J Immigr Minor Health","2017","2016/09/28","","","10.1007/s10903-016-0505-0"
"27683519","Patient-controlled hospital admission for patients with severe mental disorders: study protocol for a nationwide prospective multicentre study","Thomsen CT, Benros ME, Hastrup LH, Andersen PK, Giacco D, Nordentoft M.","BMJ Open. 2016 Sep 28;6(9):e013088. doi: 10.1136/bmjopen-2016-013088.","Thomsen CT","BMJ Open","2016","2016/09/30","PMC5051461","","10.1136/bmjopen-2016-013088"
"27863360","The effect of beta-blockers on mortality in heart failure with preserved ejection fraction: A meta-analysis of observational cohort and randomized controlled studies","Fukuta H, Goto T, Wakami K, Ohte N.","Int J Cardiol. 2017 Feb 1;228:4-10. doi: 10.1016/j.ijcard.2016.11.239. Epub 2016 Nov 11.","Fukuta H","Int J Cardiol","2017","2016/11/19","","","10.1016/j.ijcard.2016.11.239"
"27893927","Model averaged double robust estimation","Cefalu M, Dominici F, Arvold N, Parmigiani G.","Biometrics. 2017 Jun;73(2):410-421. doi: 10.1111/biom.12622. Epub 2016 Nov 28.","Cefalu M","Biometrics","2017","2016/11/29","PMC5466877","NIHMS839303","10.1111/biom.12622"
"28276084","Estimating marginal causal effects in a secondary analysis of case-control data","Persson E, Waernbaum I, Lind T.","Stat Med. 2017 Jul 10;36(15):2404-2419. doi: 10.1002/sim.7277. Epub 2017 Mar 9.","Persson E","Stat Med","2017","2017/03/10","","","10.1002/sim.7277"
"28377861","Outpatient Anterior Cervical Discectomy and Fusion: An Analysis of Readmissions from the New Jersey State Ambulatory Services Database","McClelland S 3rd, Passias PG, Errico TJ, Bess RS, Protopsaltis TS.","Int J Spine Surg. 2017 Jan 10;11(1):3. doi: 10.14444/4003. eCollection 2017.","McClelland S 3rd","Int J Spine Surg","2017","2017/04/06","PMC5374989","","10.14444/4003"
"28424064","Effectiveness of triple therapy with direct-acting antivirals for hepatitis C genotype 1 infection: application of propensity score matching in a national HCV treatment registry","Gray E, Pasta DJ, Norris S, O'Leary A; Irish Hepatitis C Outcomes and Research Network (ICORN).","BMC Health Serv Res. 2017 Apr 19;17(1):288. doi: 10.1186/s12913-017-2188-1.","Gray E","BMC Health Serv Res","2017","2017/04/21","PMC5395881","","10.1186/s12913-017-2188-1"
"28529839","Estimating Effects with Rare Outcomes and High Dimensional Covariates: Knowledge is Power","Balzer L, Ahern J, Galea S, van der Laan M.","Epidemiol Methods. 2016 Dec;5(1):1-18. doi: 10.1515/em-2014-0020. Epub 2016 May 24.","Balzer L","Epidemiol Methods","2016","2017/05/23","PMC5436729","NIHMS814448","10.1515/em-2014-0020"
"28628713","Robotic versus laparoscopic distal pancreatectomy: A propensity score-matched study","Liu R, Liu Q, Zhao ZM, Tan XL, Gao YX, Zhao GD.","J Surg Oncol. 2017 Sep;116(4):461-469. doi: 10.1002/jso.24676. Epub 2017 Jun 19.","Liu R","J Surg Oncol","2017","2017/06/20","","","10.1002/jso.24676"
"28639751","Gefitinib or erlotinib in previously treated non-small-cell lung cancer patients: a cohort study in Taiwan","Chang CH, Lee CH, Ko JC, Chang LY, Lee MC, Wang JY, Yu CJ.","Cancer Med. 2017 Jul;6(7):1563-1572. doi: 10.1002/cam4.1121. Epub 2017 Jun 22.","Chang CH","Cancer Med","2017","2017/06/23","PMC5504326","","10.1002/cam4.1121"
"28702858","Effect of renin-angiotensin system inhibitors on mortality in heart failure with preserved ejection fraction: a meta-analysis of observational cohort and randomized controlled studies","Fukuta H, Goto T, Wakami K, Ohte N.","Heart Fail Rev. 2017 Nov;22(6):775-782. doi: 10.1007/s10741-017-9637-0.","Fukuta H","Heart Fail Rev","2017","2017/07/14","","","10.1007/s10741-017-9637-0"
"28763505","Impact of a district-wide health center strengthening intervention on healthcare utilization in rural Rwanda: Use of interrupted time series analysis","Iyer HS, Hirschhorn LR, Nisingizwe MP, Kamanzi E, Drobac PC, Rwabukwisi FC, Law MR, Muhire A, Rusanganwa V, Basinga P.","PLoS One. 2017 Aug 1;12(8):e0182418. doi: 10.1371/journal.pone.0182418. eCollection 2017.","Iyer HS","PLoS One","2017","2017/08/02","PMC5538651","","10.1371/journal.pone.0182418"
"28791726","Subgroup detection and sample size calculation with proportional hazards regression for survival data","Kang S, Lu W, Song R.","Stat Med. 2017 Dec 20;36(29):4646-4659. doi: 10.1002/sim.7441. Epub 2017 Aug 8.","Kang S","Stat Med","2017","2017/08/10","PMC5698151","NIHMS898658","10.1002/sim.7441"
"28861028","Developing and Applying the Propensity Score to Make Causal Inferences: Variable Selection and Stratification","Adelson JL, McCoach DB, Rogers HJ, Adelson JA, Sauer TM.","Front Psychol. 2017 Aug 17;8:1413. doi: 10.3389/fpsyg.2017.01413. eCollection 2017.","Adelson JL","Front Psychol","2017","2017/09/02","PMC5562725","","10.3389/fpsyg.2017.01413"
"28944068","Comparison of outcomes between symptomatic and asymptomatic patients with colorectal cancer: a propensity score-matched analysis of surgical invasiveness, medical costs and oncological outcomes","Inada R, Nagasaka T, Watanabe A, Yagi T, Mori Y, Kondo Y, Kishimoto H, Umeda Y, Fujiwara T.","BMJ Open Gastroenterol. 2017 Jul 3;4(1):e000146. doi: 10.1136/bmjgast-2017-000146. eCollection 2017.","Inada R","BMJ Open Gastroenterol","2017","2017/09/26","PMC5609081","","10.1136/bmjgast-2017-000146"
"29082530","Weighted estimation for confounded binary outcomes subject to misclassification","Gravel CA, Platt RW.","Stat Med. 2018 Feb 10;37(3):425-436. doi: 10.1002/sim.7522. Epub 2017 Oct 30.","Gravel CA","Stat Med","2018","2017/10/31","","","10.1002/sim.7522"
"29340829","Trends and surgical outcomes of laparoscopic versus open pyloromyotomy","Kethman WC, Harris AHS, Hawn MT, Wall JK.","Surg Endosc. 2018 Jul;32(7):3380-3385. doi: 10.1007/s00464-018-6060-0. Epub 2018 Jan 16.","Kethman WC","Surg Endosc","2018","2018/01/18","PMC6383511","NIHMS991823","10.1007/s00464-018-6060-0"
"29355073","Estimating causal log-odds ratio using the case-control sample and its application in the pharmaco-epidemiology study","Zhu A, Zeng D, Zhang P, Li L.","Stat Methods Med Res. 2019 Jul;28(7):2165-2178. doi: 10.1177/0962280217750175. Epub 2018 Jan 22.","Zhu A","Stat Methods Med Res","2019","2018/01/23","PMC6416084","NIHMS1011479","10.1177/0962280217750175"
"29488249","Hypothesis tests for stratified mark-specific proportional hazards models with missing covariates, with application to HIV vaccine efficacy trials","Sun Y, Qi L, Yang G, Gilbert PB.","Biom J. 2018 May;60(3):516-536. doi: 10.1002/bimj.201700002. Epub 2018 Feb 28.","Sun Y","Biom J","2018","2018/03/01","PMC6447062","NIHMS1521439","10.1002/bimj.201700002"
"29855060","On the propensity score weighting analysis with survival outcome: Estimands, estimation, and inference","Mao H, Li L, Yang W, Shen Y.","Stat Med. 2018 Nov 20;37(26):3745-3763. doi: 10.1002/sim.7839. Epub 2018 May 31.","Mao H","Stat Med","2018","2018/06/02","","","10.1002/sim.7839"
"29912281","Evaluating longitudinal markers under two-phase study designs","Maziarz M, Cai T, Qi L, Lok AS, Zheng Y.","Biostatistics. 2019 Jul 1;20(3):485-498. doi: 10.1093/biostatistics/kxy013.","Maziarz M","Biostatistics","2019","2018/06/19","PMC6587940","","10.1093/biostatistics/kxy013"
"29939268","Evaluating large-scale propensity score performance through real-world and synthetic data experiments","Tian Y, Schuemie MJ, Suchard MA.","Int J Epidemiol. 2018 Dec 1;47(6):2005-2014. doi: 10.1093/ije/dyy120.","Tian Y","Int J Epidemiol","2018","2018/06/26","PMC6280944","","10.1093/ije/dyy120"
"29950913","Comparison of statistical approaches for analyzing incomplete longitudinal patient-reported outcome data in randomized controlled trials","Rombach I, Jenkinson C, Gray AM, Murray DW, Rivero-Arias O.","Patient Relat Outcome Meas. 2018 Jun 21;9:197-209. doi: 10.2147/PROM.S147790. eCollection 2018.","Rombach I","Patient Relat Outcome Meas","2018","2018/06/29","PMC6016604","","10.2147/PROM.S147790"
"29991330","On adaptive propensity score truncation in causal inference","Ju C, Schwab J, van der Laan MJ.","Stat Methods Med Res. 2019 Jun;28(6):1741-1760. doi: 10.1177/0962280218774817. Epub 2018 Jul 11.","Ju C","Stat Methods Med Res","2019","2018/07/12","","","10.1177/0962280218774817"
"30083056","Investigating Risk Adjustment Methods for Health Care Provider Profiling When Observations are Scarce or Events Rare","Brakenhoff TB, Moons KG, Kluin J, Groenwold RH.","Health Serv Insights. 2018 Jul 5;11:1178632918785133. doi: 10.1177/1178632918785133. eCollection 2018.","Brakenhoff TB","Health Serv Insights","2018","2018/08/08","PMC6069022","","10.1177/1178632918785133"
"30109713","Efficiency and robustness of causal effect estimators when noncompliance is measured with error","Boatman JA, Vock DM, Koopmeiners JS.","Stat Med. 2018 Dec 10;37(28):4126-4141. doi: 10.1002/sim.7922. Epub 2018 Aug 14.","Boatman JA","Stat Med","2018","2018/08/16","PMC6647029","NIHMS1036110","10.1002/sim.7922"
"30135619","ON ESTIMATION OF THE OPTIMAL TREATMENT REGIME WITH THE ADDITIVE HAZARDS MODEL","Kang S, Lu W, Zhang J.","Stat Sin. 2018 Jul;28(3):1539-1560. doi: 10.5705/ss.202016.0543.","Kang S","Stat Sin","2018","2018/08/24","PMC6101677","NIHMS919530","10.5705/ss.202016.0543"
"30537087","Propensity-score-based priors for Bayesian augmented control design","Lin J, Gamalo-Siebers M, Tiwari R.","Pharm Stat. 2019 Mar;18(2):223-238. doi: 10.1002/pst.1918. Epub 2018 Dec 9.","Lin J","Pharm Stat","2019","2018/12/12","","","10.1002/pst.1918"
"30555194","Nonparametric Maximum Likelihood Estimators of Time-Dependent Accuracy Measures for Survival Outcome Under Two-Stage Sampling Designs","Liu D, Cai T, Lok A, Zheng Y.","J Am Stat Assoc. 2018;113(522):882-892. doi: 10.1080/01621459.2017.1295866. Epub 2017 Feb 28.","Liu D","J Am Stat Assoc","2018","2018/12/18","PMC6291304","NIHMS904698","10.1080/01621459.2017.1295866"
"30623308","Association between perioperative oral care and postoperative pneumonia after cancer resection: conventional versus high-dimensional propensity score matching analysis","Ishimaru M, Ono S, Matsui H, Yasunaga H.","Clin Oral Investig. 2019 Sep;23(9):3581-3588. doi: 10.1007/s00784-018-2783-5. Epub 2019 Jan 8.","Ishimaru M","Clin Oral Investig","2019","2019/01/10","","","10.1007/s00784-018-2783-5"
"30784132","Propensity score methods and regression adjustment for analysis of nonrandomized studies with health-related quality of life outcomes","Cottone F, Anota A, Bonnetain F, Collins GS, Efficace F.","Pharmacoepidemiol Drug Saf. 2019 May;28(5):690-699. doi: 10.1002/pds.4756. Epub 2019 Feb 19.","Cottone F","Pharmacoepidemiol Drug Saf","2019","2019/02/21","","","10.1002/pds.4756"
"30859603","Bayesian estimation of the average treatment effect on the treated using inverse weighting","Capistrano ESM, Moodie EEM, Schmidt AM.","Stat Med. 2019 Jun 15;38(13):2447-2466. doi: 10.1002/sim.8121. Epub 2019 Mar 11.","Capistrano ESM","Stat Med","2019","2019/03/13","","","10.1002/sim.8121"
"31046501","Healthcare utilization and costs among relapsed or refractory multiple myeloma patients on carfilzomib or pomalidomide as monotherapy or in combination with dexamethasone","Hagiwara M, Panjabi S, Sharma A, Delea TE.","J Med Econ. 2019 Aug;22(8):818-829. doi: 10.1080/13696998.2019.1614932. Epub 2019 May 17.","Hagiwara M","J Med Econ","2019","2019/05/04","","","10.1080/13696998.2019.1614932"
"31150921","Comparison of empirical Bayes and propensity score methods for road safety evaluation: A simulation study","Li H, Graham DJ, Ding H, Ren G.","Accid Anal Prev. 2019 Aug;129:148-155. doi: 10.1016/j.aap.2019.05.015. Epub 2019 May 28.","Li H","Accid Anal Prev","2019","2019/06/01","","","10.1016/j.aap.2019.05.015"
"31256435","Comparison of novel methods in two-way enriched clinical trial design","Liu Y, Rybin D, Heeren TC, Doros G.","Stat Med. 2019 Sep 20;38(21):4112-4130. doi: 10.1002/sim.8288. Epub 2019 Jun 30.","Liu Y","Stat Med","2019","2019/07/01","","","10.1002/sim.8288"
"31286838","Bias-adjusted Kaplan-Meier survival curves for marginal treatment effect in observational studies","Wang X, Bai F, Pang H, George SL.","J Biopharm Stat. 2019;29(4):592-605. doi: 10.1080/10543406.2019.1633659. Epub 2019 Jul 9.","Wang X","J Biopharm Stat","2019","2019/07/10","PMC6684083","NIHMS1533293","10.1080/10543406.2019.1633659"
"31359448","On the analysis of two-phase designs in cluster-correlated data settings","Rivera-Rodriguez C, Spiegelman D, Haneuse S.","Stat Med. 2019 Oct 15;38(23):4611-4624. doi: 10.1002/sim.8321. Epub 2019 Jul 29.","Rivera-Rodriguez C","Stat Med","2019","2019/07/31","PMC6736737","NIHMS1039160","10.1002/sim.8321"
"31385394","Comparison of alternative approaches to trim subjects in the tails of the propensity score distribution","Glynn RJ, Lunt M, Rothman KJ, Poole C, Schneeweiss S, Stürmer T.","Pharmacoepidemiol Drug Saf. 2019 Oct;28(10):1290-1298. doi: 10.1002/pds.4846. Epub 2019 Aug 5.","Glynn RJ","Pharmacoepidemiol Drug Saf","2019","2019/08/07","PMC11476304","NIHMS2028280","10.1002/pds.4846"
"31385558","How to obtain valid tests and confidence intervals after propensity score variable selection?","Dukes O, Vansteelandt S.","Stat Methods Med Res. 2020 Mar;29(3):677-694. doi: 10.1177/0962280219862005. Epub 2019 Aug 6.","Dukes O","Stat Methods Med Res","2020","2019/08/07","","","10.1177/0962280219862005"
"31486107","A propensity-score matched analysis of limb salvage vs amputation for osteosarcoma","Traven SA, Brinton DL, Walton ZJ, Leddy LR.","J Surg Oncol. 2019 Dec;120(7):1252-1258. doi: 10.1002/jso.25701. Epub 2019 Sep 4.","Traven SA","J Surg Oncol","2019","2019/09/06","","","10.1002/jso.25701"
"31531896","SMARTp: A SMART design for nonsurgical treatments of chronic periodontitis with spatially referenced and nonrandomly missing skewed outcomes","Xu J, Bandyopadhyay D, Salehabadi SM, Michalowicz B, Chakraborty B.","Biom J. 2020 Mar;62(2):282-310. doi: 10.1002/bimj.201900027. Epub 2019 Sep 17.","Xu J","Biom J","2020","2019/09/19","PMC7054179","NIHMS1053056","10.1002/bimj.201900027"
"31611847","Re-treatment With Adjuvant Radioactive Iodine Does Not Improve Recurrence-Free Survival of Patients With Differentiated Thyroid Cancer","Bouvet C, Barres B, Kwiatkowski F, Batisse-Lignier M, Chafai El Alaoui M, Kauffmann P, Cachin F, Tauveron I, Kelly A, Maqdasy S.","Front Endocrinol (Lausanne). 2019 Sep 27;10:671. doi: 10.3389/fendo.2019.00671. eCollection 2019.","Bouvet C","Front Endocrinol (Lausanne)","2019","2019/10/16","PMC6776597","","10.3389/fendo.2019.00671"
"31726969","Assessing causal treatment effect estimation when using large observational datasets","John ER, Abrams KR, Brightling CE, Sheehan NA.","BMC Med Res Methodol. 2019 Nov 14;19(1):207. doi: 10.1186/s12874-019-0858-x.","John ER","BMC Med Res Methodol","2019","2019/11/16","PMC6854791","","10.1186/s12874-019-0858-x"
"31797368","Estimating average treatment effects with a double-index propensity score","Cheng D, Chakrabortty A, Ananthakrishnan AN, Cai T.","Biometrics. 2020 Sep;76(3):767-777. doi: 10.1111/biom.13195. Epub 2019 Dec 16.","Cheng D","Biometrics","2020","2019/12/05","PMC7370895","NIHMS1592926","10.1111/biom.13195"
"31880829","Propensity score-adjusted three-component mixture model for drug-drug interaction data mining in FDA Adverse Event Reporting System","Wang X, Li L, Wang L, Feng W, Zhang P.","Stat Med. 2020 Mar 30;39(7):996-1010. doi: 10.1002/sim.8457. Epub 2019 Dec 27.","Wang X","Stat Med","2020","2019/12/28","PMC9292662","","10.1002/sim.8457"
"31913491","Association of Deceased Donor Acute Kidney Injury With Recipient Graft Survival","Liu C, Hall IE, Mansour S, Thiessen Philbrook HR, Jia Y, Parikh CR.","JAMA Netw Open. 2020 Jan 3;3(1):e1918634. doi: 10.1001/jamanetworkopen.2019.18634.","Liu C","JAMA Netw Open","2020","2020/01/09","PMC6991314","","10.1001/jamanetworkopen.2019.18634"
"32185801","Flexible regression approach to propensity score analysis and its relationship with matching and weighting","Mao H, Li L.","Stat Med. 2020 Jul 10;39(15):2017-2034. doi: 10.1002/sim.8526. Epub 2020 Mar 17.","Mao H","Stat Med","2020","2020/03/19","PMC9110115","NIHMS1803738","10.1002/sim.8526"
"32186264","Performance of propensity score matching to estimate causal effects in small samples","Andrillon A, Pirracchio R, Chevret S.","Stat Methods Med Res. 2020 Mar;29(3):644-658. doi: 10.1177/0962280219887196.","Andrillon A","Stat Methods Med Res","2020","2020/03/19","","","10.1177/0962280219887196"
"32293286","An evaluation of inverse probability weighting using the propensity score for baseline covariate adjustment in smaller population randomised controlled trials with a continuous outcome","Raad H, Cornelius V, Chan S, Williamson E, Cro S.","BMC Med Res Methodol. 2020 Mar 23;20(1):70. doi: 10.1186/s12874-020-00947-7.","Raad H","BMC Med Res Methodol","2020","2020/04/16","PMC7092449","","10.1186/s12874-020-00947-7"
"32297311","Exploiting nonsystematic covariate monitoring to broaden the scope of evidence about the causal effects of adaptive treatment strategies","Kreif N, Sofrygin O, Schmittdiel JA, Adams AS, Grant RW, Zhu Z, van der Laan MJ, Neugebauer R.","Biometrics. 2021 Mar;77(1):329-342. doi: 10.1111/biom.13271. Epub 2020 Apr 27.","Kreif N","Biometrics","2021","2020/04/17","","","10.1111/biom.13271"
"32368320","Robotic- vs laparoscopic-assisted proctectomy for locally advanced rectal cancer based on propensity score matching: Short-term outcomes at a colorectal center in China","Ye SP, Zhu WQ, Liu DN, Lei X, Jiang QG, Hu HM, Tang B, He PH, Gao GM, Tang HC, Shi J, Li TY.","World J Gastrointest Oncol. 2020 Apr 15;12(4):424-434. doi: 10.4251/wjgo.v12.i4.424.","Ye SP","World J Gastrointest Oncol","2020","2020/05/06","PMC7191331","","10.4251/wjgo.v12.i4.424"
"32388870","Quantifying the bias due to observed individual confounders in causal treatment effect estimates","Parast L, Griffin BA.","Stat Med. 2020 Aug 15;39(18):2447-2476. doi: 10.1002/sim.8549. Epub 2020 May 10.","Parast L","Stat Med","2020","2020/05/11","PMC8162899","NIHMS1702092","10.1002/sim.8549"
"41118477","Methods to Assess the Effect of Dynamic Treatment Regimens Using Electronic Health Records","Neugebauer R, Schmittdiel JA, Sofrygin O, Adams AS, Grant RW, van der Laan MJ.","Washington (DC): Patient-Centered Outcomes Research Institute (PCORI); 2020 Jun.","Neugebauer R","Methods to Assess the Effect of Dynamic Treatment Regimens Using Electronic Health Records","2020","2020/06/01","","","10.25302/06.2020.ME.140312506"
"41505574","Methods for Comparing Treatments Using Different Ways of Grouping Patients","Kim MO, Lu B.","Washington (DC): Patient-Centered Outcomes Research Institute (PCORI); 2020 Jun.","Kim MO","Methods for Comparing Treatments Using Different Ways of Grouping Patients","2020","2020/06/01","","","10.25302/06.2020.ME.140313922"
"32611674","Propensity Score Methods in Rare Disease: A Demonstration Using Observational Data in Systemic Lupus Erythematosus","Almaghlouth I, Pullenayegum E, Gladman DD, Urowitz MB, Johnson SR.","J Rheumatol. 2021 Mar;48(3):321-325. doi: 10.3899/jrheum.200254. Epub 2020 Jul 1.","Almaghlouth I","J Rheumatol","2021","2020/07/03","","","10.3899/jrheum.200254"
"32662087","Variance estimation in inverse probability weighted Cox models","Shu D, Young JG, Toh S, Wang R.","Biometrics. 2021 Sep;77(3):1101-1117. doi: 10.1111/biom.13332. Epub 2020 Aug 3.","Shu D","Biometrics","2021","2020/07/15","PMC12534113","NIHMS2114534","10.1111/biom.13332"
"32711214","Incorporating Bayesian methods into the propensity score matching framework: A no-treatment effect safety analysis","Li L, Donnell ET.","Accid Anal Prev. 2020 Sep;145:105691. doi: 10.1016/j.aap.2020.105691. Epub 2020 Jul 22.","Li L","Accid Anal Prev","2020","2020/07/26","","","10.1016/j.aap.2020.105691"
"32815184","Statistical inference for missing data mechanisms","Zhao Y.","Stat Med. 2020 Dec 10;39(28):4325-4333. doi: 10.1002/sim.8727. Epub 2020 Aug 19.","Zhao Y","Stat Med","2020","2020/08/21","","","10.1002/sim.8727"
"32826524","Quantitative Bias Analysis for a Misclassified Confounder: A Comparison Between Marginal Structural Models and Conditional Models for Point Treatments","Nab L, Groenwold RHH, van Smeden M, Keogh RH.","Epidemiology. 2020 Nov;31(6):796-805. doi: 10.1097/EDE.0000000000001239.","Nab L","Epidemiology","2020","2020/08/23","PMC7523582","","10.1097/EDE.0000000000001239"
"32944975","Direct estimation of the area under the receiver operating characteristic curve with verification biased data","Hai Y, Qin G.","Stat Med. 2020 Dec 30;39(30):4789-4820. doi: 10.1002/sim.8753. Epub 2020 Sep 17.","Hai Y","Stat Med","2020","2020/09/18","","","10.1002/sim.8753"
"32998668","A weighting method for simultaneous adjustment for confounding and joint exposure-outcome misclassifications","Penning de Vries BB, van Smeden M, Groenwold RH.","Stat Methods Med Res. 2021 Feb;30(2):473-487. doi: 10.1177/0962280220960172. Epub 2020 Sep 30.","Penning de Vries BB","Stat Methods Med Res","2021","2020/10/01","PMC8008432","","10.1177/0962280220960172"
"33083822","Assessing Heterogeneity of Treatment Effects in Observational Studies","Robertson SE, Leith A, Schmid CH, Dahabreh IJ.","Am J Epidemiol. 2021 Jun 1;190(6):1088-1100. doi: 10.1093/aje/kwaa235.","Robertson SE","Am J Epidemiol","2021","2020/10/21","","","10.1093/aje/kwaa235"
"33150645","Confounder selection strategies targeting stable treatment effect estimators","Loh WW, Vansteelandt S.","Stat Med. 2021 Feb 10;40(3):607-630. doi: 10.1002/sim.8792. Epub 2020 Nov 4.","Loh WW","Stat Med","2021","2020/11/05","","","10.1002/sim.8792"
"33188930","Causal inference methods for small non-randomized studies: Methods and an application in COVID-19","Friedrich S, Friede T.","Contemp Clin Trials. 2020 Dec;99:106213. doi: 10.1016/j.cct.2020.106213. Epub 2020 Nov 11.","Friedrich S","Contemp Clin Trials","2020","2020/11/14","PMC7834813","","10.1016/j.cct.2020.106213"
"33327037","Vector-based kernel weighting: A simple estimator for improving precision and bias of average treatment effects in multiple treatment settings","Garrido MM, Lum J, Pizer SD.","Stat Med. 2021 Feb 28;40(5):1204-1223. doi: 10.1002/sim.8836. Epub 2020 Dec 16.","Garrido MM","Stat Med","2021","2020/12/16","PMC8258782","NIHMS1717698","10.1002/sim.8836"
"33350433","Initiator Types and the Causal Question of the Prevalent New-User Design: A Simulation Study","Webster-Clark M, Ross RK, Lund JL.","Am J Epidemiol. 2021 Jul 1;190(7):1341-1348. doi: 10.1093/aje/kwaa283.","Webster-Clark M","Am J Epidemiol","2021","2020/12/22","PMC8245871","","10.1093/aje/kwaa283"
"33444459","Small-sample inference for cluster-based outcome-dependent sampling schemes in resource-limited settings: Investigating low birthweight in Rwanda","Sauer S, Hedt-Gauthier B, Rivera-Rodriguez C, Haneuse S.","Biometrics. 2022 Jun;78(2):701-715. doi: 10.1111/biom.13423. Epub 2021 Jan 28.","Sauer S","Biometrics","2022","2021/01/14","PMC8277876","NIHMS1676144","10.1111/biom.13423"
"33446866","G-computation and machine learning for estimating the causal effects of binary exposure statuses on binary outcomes","Le Borgne F, Chatton A, Léger M, Lenain R, Foucher Y.","Sci Rep. 2021 Jan 14;11(1):1435. doi: 10.1038/s41598-021-81110-0.","Le Borgne F","Sci Rep","2021","2021/01/15","PMC7809122","","10.1038/s41598-021-81110-0"
"40745702","Imputation of Missing Covariate Data Prior to Propensity Score Analysis: A Tutorial and Evaluation of the Robustness of Practical Approaches","Leite WL, Aydin B, Cetin-Berber DD.","Eval Rev. 2021 Feb-Apr;45(1-2):34-69. doi: 10.1177/0193841X211020245. Epub 2021 Jun 22.","Leite WL","Eval Rev","2021","2025/08/01","","","10.1177/0193841X211020245"
"33591058","Machine Learning for Causal Inference: On the Use of Cross-fit Estimators","Zivich PN, Breskin A.","Epidemiology. 2021 May 1;32(3):393-401. doi: 10.1097/EDE.0000000000001332.","Zivich PN","Epidemiology","2021","2021/02/16","PMC8012235","NIHMS1666968","10.1097/EDE.0000000000001332"
"38408174","Comparing Three Ways to Start Treatment for Patients with Polyarticular Juvenile Idiopathic Arthritis—The Stop-JIA Trial","Kimura Y, Ringold S, Riordan ME, Tomlinson G, Gaizo VD, Murphy K, Dennos A, Weiss PF, Feldman B, Natter M, Schanberg L; The CARRA STOP-JIA Investigators.","Washington (DC): Patient-Centered Outcomes Research Institute (PCORI); 2021 Mar.","Kimura Y","Comparing Three Ways to Start Treatment for Patients with Polyarticular Juvenile Idiopathic Arthritis—The Stop-JIA Trial","2021","2021/03/01","","","10.25302/03.2021.CER.14082053"
"35909666","Improved kth power expectile regression with nonignorable dropouts","Li D, Wang L.","J Appl Stat. 2021 Apr 27;49(11):2767-2788. doi: 10.1080/02664763.2021.1919606. eCollection 2022.","Li D","J Appl Stat","2021","2022/08/01","PMC9336485","","10.1080/02664763.2021.1919606"
"34030640","Applied comparison of large-scale propensity score matching and cardinality matching for causal inference in observational research","Fortin SP, Johnston SS, Schuemie MJ.","BMC Med Res Methodol. 2021 May 24;21(1):109. doi: 10.1186/s12874-021-01282-1.","Fortin SP","BMC Med Res Methodol","2021","2021/05/25","PMC8146256","","10.1186/s12874-021-01282-1"
"34052597","Propensity score methods for road safety evaluation: Practical suggestions from a simulation study","Zhang Y, Li H, Sze NN, Ren G.","Accid Anal Prev. 2021 Aug;158:106200. doi: 10.1016/j.aap.2021.106200. Epub 2021 May 27.","Zhang Y","Accid Anal Prev","2021","2021/05/30","","","10.1016/j.aap.2021.106200"
"34126656","Propensity-score-based meta-analytic predictive prior for incorporating real-world and historical data","Liu M, Bunn V, Hupf B, Lin J, Lin J.","Stat Med. 2021 Sep 30;40(22):4794-4808. doi: 10.1002/sim.9095. Epub 2021 Jun 14.","Liu M","Stat Med","2021","2021/06/14","","","10.1002/sim.9095"
"34145537","Patient surgical satisfaction after da Vinci(®) single-port and multi-port robotic-assisted radical prostatectomy: propensity score-matched analysis","Noël J, Moschovas MC, Sandri M, Bhat S, Rogers T, Reddy S, Corder C, Patel V.","J Robot Surg. 2022 Apr;16(2):473-481. doi: 10.1007/s11701-021-01269-6. Epub 2021 Jun 18.","Noël J","J Robot Surg","2022","2021/06/19","PMC8213039","","10.1007/s11701-021-01269-6"
"34149306","Bias Reduction Methods for Propensity Scores Estimated from Error-Prone EHR-Derived Covariates","Harton J, Mamtani R, Mitra N, Hubbard RA.","Health Serv Outcomes Res Methodol. 2021 Jun;21:169-187. doi: 10.1007/s10742-020-00219-3. Epub 2020 Sep 10.","Harton J","Health Serv Outcomes Res Methodol","2021","2021/06/21","PMC8210692","NIHMS1628009","10.1007/s10742-020-00219-3"
"34262599","High-Dimensional Mediation Analysis With Confounders in Survival Models","Yu Z, Cui Y, Wei T, Ma Y, Luo C.","Front Genet. 2021 Jun 28;12:688871. doi: 10.3389/fgene.2021.688871. eCollection 2021.","Yu Z","Front Genet","2021","2021/07/15","PMC8273300","","10.3389/fgene.2021.688871"
"34269087","Covariate adjustment in subgroup analyses of randomized clinical trials: A propensity score approach","Yang S, Li F, Thomas LE, Li F.","Clin Trials. 2021 Oct;18(5):570-581. doi: 10.1177/17407745211028588. Epub 2021 Jul 16.","Yang S","Clin Trials","2021","2021/07/16","","","10.1177/17407745211028588"
"34445911","Adjusting for selection bias due to missing data in electronic health records-based research","Peskoe SB, Arterburn D, Coleman KJ, Herrinton LJ, Daniels MJ, Haneuse S.","Stat Methods Med Res. 2021 Oct;30(10):2221-2238. doi: 10.1177/09622802211027601. Epub 2021 Aug 26.","Peskoe SB","Stat Methods Med Res","2021","2021/08/27","PMC10942747","NIHMS1969885","10.1177/09622802211027601"
"34531623","Complier stochastic direct effects: identification and robust estimation","Rudolph KE, Sofrygin O, van der Laan MJ.","J Am Stat Assoc. 2021;116(535):1254-1264. doi: 10.1080/01621459.2019.1704292. Epub 2020 Jan 23.","Rudolph KE","J Am Stat Assoc","2021","2021/09/17","PMC8439556","NIHMS1550244","10.1080/01621459.2019.1704292"
"34585501","Ensuring exchangeability in data-based priors for a Bayesian analysis of clinical trials","Lin J, Gamalo-Siebers M, Tiwari R.","Pharm Stat. 2022 Mar;21(2):327-344. doi: 10.1002/pst.2172. Epub 2021 Sep 29.","Lin J","Pharm Stat","2022","2021/09/29","","","10.1002/pst.2172"
"34698560","The Role of Sample Size to Attain Statistically Comparable Groups - A Required Data Preprocessing Step to Estimate Causal Effects With Observational Data","Kolar A, Steiner PM.","Eval Rev. 2021 Oct;45(5):195-227. doi: 10.1177/0193841X211053937. Epub 2021 Oct 26.","Kolar A","Eval Rev","2021","2021/10/26","","","10.1177/0193841X211053937"
"34768021","Signals were broadly positive for months, but never definitive: the tocilizumab story","Cozzi-Lepri A, Smith C, Mussini C.","Clin Microbiol Infect. 2022 Mar;28(3):371-374. doi: 10.1016/j.cmi.2021.10.018. Epub 2021 Nov 9.","Cozzi-Lepri A","Clin Microbiol Infect","2022","2021/11/12","PMC8576060","","10.1016/j.cmi.2021.10.018"
"34809559","Oversampling and replacement strategies in propensity score matching: a critical review focused on small sample size in clinical settings","Bottigliengo D, Baldi I, Lanera C, Lorenzoni G, Bejko J, Bottio T, Tarzia V, Carrozzini M, Gerosa G, Berchialla P, Gregori D.","BMC Med Res Methodol. 2021 Nov 22;21(1):256. doi: 10.1186/s12874-021-01454-z.","Bottigliengo D","BMC Med Res Methodol","2021","2021/11/23","PMC8609749","","10.1186/s12874-021-01454-z"
"34939894","Propensity score-integrated Bayesian prior approaches for augmented control designs: a simulation study","Wang X, Suttner L, Jemielita T, Li X.","J Biopharm Stat. 2022 Jan 2;32(1):170-190. doi: 10.1080/10543406.2021.2011743. Epub 2021 Dec 23.","Wang X","J Biopharm Stat","2022","2021/12/23","","","10.1080/10543406.2021.2011743"
"38624991","Effective Learning During COVID-19: Multilevel Covariates Matching and Propensity Score Matching","Guo S, Liu J, Wang Q.","Ann Data Sci. 2022;9(5):967-982. doi: 10.1007/s40745-022-00392-x. Epub 2022 Apr 4.","Guo S","Ann Data Sci","2022","2024/04/16","PMC8977832","","10.1007/s40745-022-00392-x"
"34993990","Causal inference in case of near-violation of positivity: comparison of methods","Léger M, Chatton A, Le Borgne F, Pirracchio R, Lasocki S, Foucher Y.","Biom J. 2022 Dec;64(8):1389-1403. doi: 10.1002/bimj.202000323. Epub 2022 Jan 7.","Léger M","Biom J","2022","2022/01/07","","","10.1002/bimj.202000323"
"35072583","Power priors with entropy balancing weights in data augmentation of partially controlled randomized trials","Yu G, Bian Y, Gamalo M.","J Biopharm Stat. 2022 Jan 2;32(1):4-20. doi: 10.1080/10543406.2021.2021226. Epub 2022 Jan 24.","Yu G","J Biopharm Stat","2022","2022/01/24","","","10.1080/10543406.2021.2021226"
"35278032","Bayesian adaptive randomization design incorporating propensity score-matched historical controls","Sawamoto R, Oba K, Matsuyama Y.","Pharm Stat. 2022 Sep;21(5):1074-1089. doi: 10.1002/pst.2203. Epub 2022 Mar 12.","Sawamoto R","Pharm Stat","2022","2022/03/12","","","10.1002/pst.2203"
"35344607","A propensity score-matching analysis of angiotensin-converting enzyme inhibitor and angiotensin receptor blocker exposure on in-hospital mortality in patients with acute respiratory failure","Fang YP, Zhang X.","Pharmacotherapy. 2022 May;42(5):387-396. doi: 10.1002/phar.2677. Epub 2022 Apr 8.","Fang YP","Pharmacotherapy","2022","2022/03/28","PMC9322533","","10.1002/phar.2677"
"35345942","Goodness-of-fit tests for a logistic regression model with missing covariates","Lee SM, Tran PL, Li CS.","Stat Methods Med Res. 2022 Jun;31(6):1031-1050. doi: 10.1177/09622802221079350. Epub 2022 Mar 29.","Lee SM","Stat Methods Med Res","2022","2022/03/29","","","10.1177/09622802221079350"
"35398909","Suicide amongst transplant recipients: Trends and unique risk factors","Serpico S, Parsikia A, Goodarzi A, Manikath James R, Koizumi N, Ortiz J.","Clin Transplant. 2022 Jun;36(6):e14669. doi: 10.1111/ctr.14669. Epub 2022 Apr 17.","Serpico S","Clin Transplant","2022","2022/04/10","","","10.1111/ctr.14669"
"35436970","Planning a method for covariate adjustment in individually randomised trials: a practical guide","Morris TP, Walker AS, Williamson EJ, White IR.","Trials. 2022 Apr 18;23(1):328. doi: 10.1186/s13063-022-06097-z.","Morris TP","Trials","2022","2022/04/19","PMC9014627","","10.1186/s13063-022-06097-z"
"35469503","Design and analysis of partially randomized preference trials with propensity score stratification","Wang Y, Li F, Blaha O, Meng C, Esserman D.","Stat Methods Med Res. 2022 Aug;31(8):1515-1537. doi: 10.1177/09622802221095673. Epub 2022 Apr 26.","Wang Y","Stat Methods Med Res","2022","2022/04/26","PMC10530658","NIHMS1931957","10.1177/09622802221095673"
"35512316","Data-Adaptive Selection of the Propensity Score Truncation Level for Inverse-Probability-Weighted and Targeted Maximum Likelihood Estimators of Marginal Point Treatment Effects","Gruber S, Phillips RV, Lee H, van der Laan MJ.","Am J Epidemiol. 2022 Aug 22;191(9):1640-1651. doi: 10.1093/aje/kwac087.","Gruber S","Am J Epidemiol","2022","2022/05/05","","","10.1093/aje/kwac087"
"35524651","Doubly-robust methods for differences in restricted mean lifetimes using pseudo-observations","Choi S, Choi T, Lee HY, Han SW, Bandyopadhyay D.","Pharm Stat. 2022 Nov;21(6):1185-1198. doi: 10.1002/pst.2223. Epub 2022 May 7.","Choi S","Pharm Stat","2022","2022/05/07","","","10.1002/pst.2223"
"35558512","Long Noncoding RNA MALAT1 and Colorectal Cancer: A Propensity Score Analysis of Two Prospective Cohorts","Li H, Zhang Y, Liu Y, Qu Z, Liu Y, Qi J.","Front Oncol. 2022 Apr 26;12:824767. doi: 10.3389/fonc.2022.824767. eCollection 2022.","Li H","Front Oncol","2022","2022/05/13","PMC9088002","","10.3389/fonc.2022.824767"
"35601804","Efficacy and safety of raltitrexed plus S-1 versus regorafenib in patients with refractory metastatic colorectal cancer: a real-world propensity score matching study","Zhou YW, Wang JL, Li QF, He YL, Li LJ, Liu RZ, Chen Y, Zhang S, Qiu M, Liu JY.","Ther Adv Gastroenterol. 2022 May 18;15:17562848221098246. doi: 10.1177/17562848221098246. eCollection 2022.","Zhou YW","Ther Adv Gastroenterol","2022","2022/05/23","PMC9121501","","10.1177/17562848221098246"
"35841200","Bootstrap vs asymptotic variance estimation when using propensity score weighting with continuous and binary outcomes","Austin PC.","Stat Med. 2022 Sep 30;41(22):4426-4443. doi: 10.1002/sim.9519. Epub 2022 Jul 15.","Austin PC","Stat Med","2022","2022/07/16","PMC9544125","","10.1002/sim.9519"
"35941551","Two-stage matching-adjusted indirect comparison","Remiro-Azócar A.","BMC Med Res Methodol. 2022 Aug 8;22(1):217. doi: 10.1186/s12874-022-01692-9.","Remiro-Azócar A","BMC Med Res Methodol","2022","2022/08/08","PMC9358807","","10.1186/s12874-022-01692-9"
"35968541","Generalizing trial evidence to target populations in non-nested designs: Applications to AIDS clinical trials","Li F, Buchanan AL, Cole SR.","J R Stat Soc Ser C Appl Stat. 2022 Jun;71(3):669-697. doi: 10.1111/rssc.12550. Epub 2022 Mar 17.","Li F","J R Stat Soc Ser C Appl Stat","2022","2022/08/15","PMC9367209","NIHMS1804817","10.1111/rssc.12550"
"36045099","Model misspecification and bias for inverse probability weighting estimators of average causal effects","Waernbaum I, Pazzagli L.","Biom J. 2023 Feb;65(2):e2100118. doi: 10.1002/bimj.202100118. Epub 2022 Aug 31.","Waernbaum I","Biom J","2023","2022/08/31","PMC10087564","","10.1002/bimj.202100118"
"36126791","Logistic regression frequently outperformed propensity score methods, especially for large datasets: a simulation study","Wilkinson JD, Mamas MA, Kontopantelis E.","J Clin Epidemiol. 2022 Dec;152:176-184. doi: 10.1016/j.jclinepi.2022.09.009. Epub 2022 Sep 17.","Wilkinson JD","J Clin Epidemiol","2022","2022/09/20","","","10.1016/j.jclinepi.2022.09.009"
"36136044","Enhancing estimation methods for integrating probability and nonprobability survey samples with machine-learning techniques. An application to a Survey on the impact of the COVID-19 pandemic in Spain","Rueda MDM, Pasadas-Del-Amo S, Rodríguez BC, Castro-Martín L, Ferri-García R.","Biom J. 2023 Feb;65(2):e2200035. doi: 10.1002/bimj.202200035. Epub 2022 Sep 22.","Rueda MDM","Biom J","2023","2022/09/22","PMC9538074","","10.1002/bimj.202200035"
"36189475","Penalized Spline-Involved Tree-based (PenSIT) Learning for estimating an optimal dynamic treatment regime using observational data","Speth KA, Elliott MR, Marquez JL, Wang L.","Stat Methods Med Res. 2022 Dec;31(12):2338-2351. doi: 10.1177/09622802221122397. Epub 2022 Oct 3.","Speth KA","Stat Methods Med Res","2022","2022/10/03","","","10.1177/09622802221122397"
"36303136","Patient-reported outcomes following cemented versus cementless primary total knee arthroplasty: a comparative analysis based on propensity score matching","Ko H, Pelt CE, Martin BI; PEPPER Investigators; Pellegrini VD Jr.","BMC Musculoskelet Disord. 2022 Oct 27;23(1):934. doi: 10.1186/s12891-022-05899-1.","Ko H","BMC Musculoskelet Disord","2022","2022/10/28","PMC9608915","","10.1186/s12891-022-05899-1"
"36386506","Survival benefit of surgical resection for stage IV gastric cancer: A SEER-based propensity score-matched analysis","Sun J, Nan Q.","Front Surg. 2022 Oct 25;9:927030. doi: 10.3389/fsurg.2022.927030. eCollection 2022.","Sun J","Front Surg","2022","2022/11/17","PMC9640680","","10.3389/fsurg.2022.927030"
"36476035","Variance estimation for the average treatment effects on the treated and on the controls","Matsouaka RA, Liu Y, Zhou Y.","Stat Methods Med Res. 2023 Feb;32(2):389-403. doi: 10.1177/09622802221142532. Epub 2022 Dec 7.","Matsouaka RA","Stat Methods Med Res","2023","2022/12/08","","","10.1177/09622802221142532"
"36511448","Mimicking Clinical Trials Using Real-World Data: A Novel Method and Applications","Wang WJ, Bansal A, Bennette CS, Basu A.","Med Decis Making. 2023 Apr;43(3):275-287. doi: 10.1177/0272989X221141381. Epub 2022 Dec 13.","Wang WJ","Med Decis Making","2023","2022/12/13","","","10.1177/0272989X221141381"
"36577946","External control arm analysis: an evaluation of propensity score approaches, G-computation, and doubly debiased machine learning","Loiseau N, Trichelair P, He M, Andreux M, Zaslavskiy M, Wainrib G, Blum MGB.","BMC Med Res Methodol. 2022 Dec 28;22(1):335. doi: 10.1186/s12874-022-01799-z.","Loiseau N","BMC Med Res Methodol","2022","2022/12/28","PMC9795588","","10.1186/s12874-022-01799-z"
"38486638","Analysis of Familial Aggregation Using Recurrence Risk for Complex Survey Data","Wang C, Li Z, Graubard BI.","Biostat Epidemiol. 2023;7(1):e2062663. doi: 10.1080/24709360.2022.2062663. Epub 2022 May 5.","Wang C","Biostat Epidemiol","2023","2024/03/15","PMC10939038","NIHMS1970263","10.1080/24709360.2022.2062663"
"36609282","A comparison of covariate adjustment approaches under model misspecification in individually randomized trials","Tackney MS, Morris T, White I, Leyrat C, Diaz-Ordaz K, Williamson E.","Trials. 2023 Jan 6;24(1):14. doi: 10.1186/s13063-022-06967-6.","Tackney MS","Trials","2023","2023/01/07","PMC9817411","","10.1186/s13063-022-06967-6"
"36650619","Practical strategies for operationalizing optimal allocation in stratified cluster-based outcome-dependent sampling designs","Sauer S, Hedt-Gauthier B, Haneuse S.","Stat Med. 2023 Mar 30;42(7):917-935. doi: 10.1002/sim.9650. Epub 2023 Jan 17.","Sauer S","Stat Med","2023","2023/01/17","PMC10006324","NIHMS1861146","10.1002/sim.9650"
"36809484","An Improved Matching Practice for Augmenting a Randomized Clinical Trial with External Control","Li J, Du Y, Liu H, Yi Y.","Ther Innov Regul Sci. 2023 May;57(3):611-618. doi: 10.1007/s43441-023-00497-2. Epub 2023 Feb 21.","Li J","Ther Innov Regul Sci","2023","2023/02/22","","","10.1007/s43441-023-00497-2"
"36896962","Interim monitoring of sequential multiple assignment randomized trials using partial information","Manschot C, Laber E, Davidian M.","Biometrics. 2023 Dec;79(4):2881-2894. doi: 10.1111/biom.13854. Epub 2023 Mar 22.","Manschot C","Biometrics","2023","2023/03/10","","","10.1111/biom.13854"
"37035941","Leveraging baseline covariates to analyze small cluster-randomized trials with a rare binary outcome","Zhu AY, Mitra N, Hemming K, Harhay MO, Li F.","Biom J. 2024 Jan;66(1):e2200135. doi: 10.1002/bimj.202200135. Epub 2023 Apr 10.","Zhu AY","Biom J","2024","2023/04/10","PMC10562517","NIHMS1896620","10.1002/bimj.202200135"
"37197742","A multiplicative structural nested mean model for zero-inflated outcomes","Yu M, Lu W, Yang S, Ghosh P.","Biometrika. 2022 Aug 19;110(2):519-536. doi: 10.1093/biomet/asac050. eCollection 2023 Jun.","Yu M","Biometrika","2022","2023/05/17","PMC10183836","","10.1093/biomet/asac050"
"37221141","Instability of inverse probability weighting methods and a remedy for nonignorable missing data","Li P, Qin J, Liu Y.","Biometrics. 2023 Dec;79(4):3215-3226. doi: 10.1111/biom.13881. Epub 2023 May 23.","Li P","Biometrics","2023","2023/05/23","","","10.1111/biom.13881"
"37313712","BASIC: A Bayesian adaptive synthetic-control design for phase II clinical trials","Jiang L, Thall PF, Yan F, Kopetz S, Yuan Y.","Clin Trials. 2023 Oct;20(5):486-496. doi: 10.1177/17407745231176445. Epub 2023 Jun 14.","Jiang L","Clin Trials","2023","2023/06/14","PMC10504821","NIHMS1891030","10.1177/17407745231176445"
"37330010","The relationship between COVID-19 vaccination status in pregnancy and birthweight","Gaur P, Darwin KC, Kohn JR, Uribe KA, Shippey E, Eke AC.","Am J Obstet Gynecol MFM. 2023 Sep;5(9):101057. doi: 10.1016/j.ajogmf.2023.101057. Epub 2023 Jun 15.","Gaur P","Am J Obstet Gynecol MFM","2023","2023/06/17","PMC10268810","","10.1016/j.ajogmf.2023.101057"
"37392070","An inverse probability weighted regression method that accounts for right-censoring for causal inference with multiple treatments and a binary outcome","Yu Y, Zhang M, Mukherjee B.","Stat Med. 2023 Sep 10;42(20):3699-3715. doi: 10.1002/sim.9826. Epub 2023 Jul 1.","Yu Y","Stat Med","2023","2023/07/01","","","10.1002/sim.9826"
"37524119","Unreliable Continuous Treatment Indicators in Propensity Score Analysis","Fish GA, Leite WL.","Multivariate Behav Res. 2024 Mar-Apr;59(2):187-205. doi: 10.1080/00273171.2023.2235697. Epub 2023 Jul 31.","Fish GA","Multivariate Behav Res","2024","2023/07/31","","","10.1080/00273171.2023.2235697"
"37525436","Accounting for nonmonotone missing data using inverse probability weighting","Ross RK, Cole SR, Edwards JK, Westreich D, Daniels JL, Stringer JSA.","Stat Med. 2023 Oct 15;42(23):4282-4298. doi: 10.1002/sim.9860. Epub 2023 Jul 31.","Ross RK","Stat Med","2023","2023/08/01","PMC10528196","NIHMS1920545","10.1002/sim.9860"
"37573225","Real-world Comparative Effectiveness of Methotrexate-based Combinations for Rheumatoid Arthritis: A Retrospective Cohort Study","Huang Y, Agarwal SK, Chen H, Chatterjee S, Johnson ML, Aparasu RR.","Clin Ther. 2023 Sep;45(9):e177-e186. doi: 10.1016/j.clinthera.2023.06.024. Epub 2023 Aug 10.","Huang Y","Clin Ther","2023","2023/08/12","","","10.1016/j.clinthera.2023.06.024"
"37697901","Semi-supervised mixture multi-source exchangeability model for leveraging real-world data in clinical trials","Haine LMF, Murry TA, Nahra R, Touloumi G, Fernández-Cruz E, Petoumenos K, Koopmeiners JS.","Biostatistics. 2024 Jul 1;25(3):617-632. doi: 10.1093/biostatistics/kxad024.","Haine LMF","Biostatistics","2024","2023/09/12","PMC11247180","","10.1093/biostatistics/kxad024"
"37781001","Comparative Effectiveness Analysis of Lumpectomy and Mastectomy for Elderly Female Breast Cancer Patients: A Deep Learning-based Big Data Analysis","Wang J, Zhang S, Yi H, Ma S.","Yale J Biol Med. 2023 Sep 29;96(3):327-346. doi: 10.59249/IAJU7580. eCollection 2023 Sep.","Wang J","Yale J Biol Med","2023","2023/10/02","PMC10524818","","10.59249/IAJU7580"
"37788035","Treatment of Factor-Xa Inhibitor-associated Bleeding with Andexanet Alfa or 4 Factor PCC: A Multicenter Feasibility Retrospective Study","Singer AJ, Concha M, Williams J, Brown CS, Fernandes R, Thode HC Jr, Kirchman M, Rabinstein AA.","West J Emerg Med. 2023 Sep;24(5):939-949. doi: 10.5811/westjem.60587.","Singer AJ","West J Emerg Med","2023","2023/10/03","PMC10527834","","10.5811/westjem.60587"
"37828945","Development of individual competencies and team performance in interprofessional ward rounds: results of a study with multimodal observations at the Heidelberg Interprofessional Training Ward","Mitzkat A, Mink J, Arnold C, Mahler C, Mihaljevic AL, Möltner A, Trierweiler-Hauke B, Ullrich C, Wensing M, Kiesewetter J.","Front Med (Lausanne). 2023 Sep 27;10:1241557. doi: 10.3389/fmed.2023.1241557. eCollection 2023.","Mitzkat A","Front Med (Lausanne)","2023","2023/10/13","PMC10566636","","10.3389/fmed.2023.1241557"
"37833641","Covariate balance-related propensity score weighting in estimating overall hazard ratio with distributed survival data","Huang C, Wei K, Wang C, Yu Y, Qin G.","BMC Med Res Methodol. 2023 Oct 13;23(1):233. doi: 10.1186/s12874-023-02055-8.","Huang C","BMC Med Res Methodol","2023","2023/10/13","PMC10576397","","10.1186/s12874-023-02055-8"
"37872495","Multiply robust estimator for the difference in survival functions using pseudo-observations","Wang C, Wei K, Huang C, Yu Y, Qin G.","BMC Med Res Methodol. 2023 Oct 23;23(1):247. doi: 10.1186/s12874-023-02065-6.","Wang C","BMC Med Res Methodol","2023","2023/10/23","PMC10591363","","10.1186/s12874-023-02065-6"
"37879850","The impact of previous conservative treatment of atypical hyperplasia on pregnancy outcomes after IVF/ICSI-embryo transfer: a propensity score-matched retrospective cohort study","Song W, Li C, Wu T, Wang Z, Dang Y, Ding L, Qin Y.","Hum Reprod. 2023 Dec 4;38(12):2447-2455. doi: 10.1093/humrep/dead220.","Song W","Hum Reprod","2023","2023/10/25","","","10.1093/humrep/dead220"
"37997592","Transfer learning of individualized treatment rules from experimental to real-world data","Wu L, Yang S.","J Comput Graph Stat. 2023;32(3):1036-1045. doi: 10.1080/10618600.2022.2141752. Epub 2022 Nov 30.","Wu L","J Comput Graph Stat","2023","2023/11/24","PMC10664843","NIHMS1862284","10.1080/10618600.2022.2141752"
"38060567","Performance of modeling and balancing approach methods when using weights to estimate treatment effects in observational time-to-event settings","Barros GWF, Eriksson M, Häggström J.","PLoS One. 2023 Dec 7;18(12):e0289316. doi: 10.1371/journal.pone.0289316. eCollection 2023.","Barros GWF","PLoS One","2023","2023/12/07","PMC10703278","","10.1371/journal.pone.0289316"
"38062377","On the use of multiple imputation to address data missing by design as well as unintended missing data in case-cohort studies with a binary endpoint","Middleton M, Nguyen C, Carlin JB, Moreno-Betancur M, Lee KJ.","BMC Med Res Methodol. 2023 Dec 7;23(1):287. doi: 10.1186/s12874-023-02090-5.","Middleton M","BMC Med Res Methodol","2023","2023/12/07","PMC10702035","","10.1186/s12874-023-02090-5"
"38100386","Extracorporeal cardiopulmonary resuscitation versus conventional cardiopulmonary resuscitation for patients with refractory out-of-hospital cardiac arrest: A retrospective propensity matching analysis","Sun P, Liu W, Li M, Zhang L, Liu LN, Liu ZX, Wang XD.","Perfusion. 2023 Dec 15:2676591231222365. doi: 10.1177/02676591231222365. Online ahead of print.","Sun P","Perfusion","2023","2023/12/15","","","10.1177/02676591231222365"
"38233102","Transporting randomized trial results to estimate counterfactual survival functions in target populations","Cao Z, Cho Y, Li F.","Pharm Stat. 2024 Jul-Aug;23(4):442-465. doi: 10.1002/pst.2354. Epub 2024 Jan 17.","Cao Z","Pharm Stat","2024","2024/01/17","PMC13005602","NIHMS2151148","10.1002/pst.2354"
"38465985","Estimation of the causal effects of time-varying treatments in nested case-control studies using marginal structural Cox models","Takeuchi Y, Hagiwawa Y, Komukai S, Matsuyama Y.","Biometrics. 2024 Jan 29;80(1):ujae005. doi: 10.1093/biomtc/ujae005.","Takeuchi Y","Biometrics","2024","2024/03/11","","","10.1093/biomtc/ujae005"
"38548610","[Pancreaticoduodenectomy combined with longitudinal pancreaticojejunostomy in the treatment of chronic pancreatitis: initial experience in 11 cases]","Wu S, Duan WX, Yang X, Wei WZ, Ma QY, Wang Z, Wu Z.","Zhonghua Wai Ke Za Zhi. 2024 May 1;62(5):412-418. doi: 10.3760/cma.j.cn112139-20231202-00251.","Wu S","Zhonghua Wai Ke Za Zhi","2024","2024/03/28","","","10.3760/cma.j.cn112139-20231202-00251"
"38591424","Dynamic borrowing of historical controls adjusting for covariates in vaccine efficacy clinical trials","Callegaro A, Luo Y, Karkada N, Zahaf T.","Pharm Stat. 2024 Sep-Oct;23(5):630-644. doi: 10.1002/pst.2384. Epub 2024 Apr 9.","Callegaro A","Pharm Stat","2024","2024/04/09","","","10.1002/pst.2384"
"38655786","The performance of marginal structural models for estimating risk differences and relative risks using weighted univariate generalized linear models","Austin PC.","Stat Methods Med Res. 2024 Jun;33(6):1055-1068. doi: 10.1177/09622802241247742. Epub 2024 Apr 24.","Austin PC","Stat Methods Med Res","2024","2024/04/24","PMC11162095","","10.1177/09622802241247742"
"38712282","Assessing Covariate Balance with Small Sample Sizes","Hripcsak G, Zhang L, Chen Y, Li K, Suchard MA, Ryan PB, Schuemie MJ.","medRxiv [Preprint]. 2025 Jul 17:2024.04.23.24306230. doi: 10.1101/2024.04.23.24306230.","Hripcsak G","medRxiv","2025","2024/05/07","PMC11071580","","10.1101/2024.04.23.24306230"
"38847059","Causal inference in the absence of positivity: The role of overlap weights","Matsouaka RA, Zhou Y.","Biom J. 2024 Jun;66(4):e2300156. doi: 10.1002/bimj.202300156.","Matsouaka RA","Biom J","2024","2024/06/07","","","10.1002/bimj.202300156"
"38869857","A comparison of random forest-based missing imputation methods for covariates in propensity score analysis","Lee Y, Leite WL.","Psychol Methods. 2024 Jun 13. doi: 10.1037/met0000676. Online ahead of print.","Lee Y","Psychol Methods","2024","2024/06/13","","","10.1037/met0000676"
"38884127","Doubly robust estimation and sensitivity analysis for marginal structural quantile models","Cheng C, Hu L, Li F.","Biometrics. 2024 Mar 27;80(2):ujae045. doi: 10.1093/biomtc/ujae045.","Cheng C","Biometrics","2024","2024/06/17","","","10.1093/biomtc/ujae045"
"38892983","Win Statistics in Observational Cancer Research: Integrating Clinical and Quality-of-Life Outcomes","Chiaruttini MV, Lorenzoni G, Spolverato G, Gregori D.","J Clin Med. 2024 May 31;13(11):3272. doi: 10.3390/jcm13113272.","Chiaruttini MV","J Clin Med","2024","2024/06/19","PMC11173121","","10.3390/jcm13113272"
"39053570","Minimizing confounding in comparative observational studies with time-to-event outcomes: An extensive comparison of covariate balancing methods using Monte Carlo simulation","Cafri G, Fortin S, Austin PC.","Stat Methods Med Res. 2024 Aug;33(8):1437-1460. doi: 10.1177/09622802241262527. Epub 2024 Jul 25.","Cafri G","Stat Methods Med Res","2024","2024/07/25","","","10.1177/09622802241262527"
"39184174","Analysis of combined probability and nonprobability samples: A simulation evaluation and application to a teen smoking behavior survey","Xi W, Hinton A, Lu B, Krotki K, Keller-Hamilton B, Ferketich A, Sukasih A.","Commun Stat Simul Comput. 2024;53(7):3285-3301. doi: 10.1080/03610918.2022.2102181. Epub 2022 Jul 25.","Xi W","Commun Stat Simul Comput","2024","2024/08/26","PMC11343077","NIHMS1839291","10.1080/03610918.2022.2102181"
"41030464","Doubly Robust Estimation and Semiparametric Efficiency in Generalized Partially Linear Models with Missing Outcomes","Wang L, Ouyang Z, Lin X.","Stats (Basel). 2024 Sep;7(3):924-943. doi: 10.3390/stats7030056. Epub 2024 Aug 31.","Wang L","Stats (Basel)","2024","2025/10/01","PMC12478555","NIHMS2111172","10.3390/stats7030056"
"39235702","Nested case-control sampling without replacement","Shin YE, Saegusa T.","Lifetime Data Anal. 2024 Oct;30(4):776-799. doi: 10.1007/s10985-024-09633-y. Epub 2024 Sep 5.","Shin YE","Lifetime Data Anal","2024","2024/09/05","PMC11502564","","10.1007/s10985-024-09633-y"
"39281782","A framework for understanding selection bias in real-world healthcare data","Kundu R, Shi X, Morrison J, Barrett J, Mukherjee B.","J R Stat Soc Ser A Stat Soc. 2024 May 2;187(3):606-635. doi: 10.1093/jrsssa/qnae039. eCollection 2024 Aug.","Kundu R","J R Stat Soc Ser A Stat Soc","2024","2024/09/16","PMC11393555","","10.1093/jrsssa/qnae039"
"39462370","When does adjusting covariate under randomization help? A comparative study on current practices","Gao Y, Liu Y, Matsouaka R.","BMC Med Res Methodol. 2024 Oct 26;24(1):250. doi: 10.1186/s12874-024-02375-3.","Gao Y","BMC Med Res Methodol","2024","2024/10/27","PMC11514882","","10.1186/s12874-024-02375-3"
"39552022","Long-Term Outcomes of Neoadjuvant Therapy Versus Upfront Surgery for Resectable Pancreatic Ductal Adenocarcinoma","Shin KI, Yoon MS, Kim JH, Jang WJ, Leem G, Jo JH, Chung MJ, Park JY, Park SW, Hwang HK, Kang CM, Kim SS, Park MS, Lee HS, Bang S.","Cancer Med. 2024 Nov;13(22):e70363. doi: 10.1002/cam4.70363.","Shin KI","Cancer Med","2024","2024/11/18","PMC11570550","","10.1002/cam4.70363"
"39555687","Sequential Adaptive Design Method for Incorporating External Data","Chen J, Li L, Feng Y, Chow SC, Tan M, Pan J, Chen P, Wu Y.","Biom J. 2024 Dec;66(8):e70003. doi: 10.1002/bimj.70003.","Chen J","Biom J","2024","2024/11/18","","","10.1002/bimj.70003"
"39578744","Cardinality matching versus propensity score matching for addressing cluster-level residual confounding in implantable medical device and surgical epidemiology: a parametric and plasmode simulation study","Du M, Johnston S, Coplan PM, Strauss VY, Khalid S, Prieto-Alhambra D.","BMC Med Res Methodol. 2024 Nov 22;24(1):289. doi: 10.1186/s12874-024-02406-z.","Du M","BMC Med Res Methodol","2024","2024/11/23","PMC11583411","","10.1186/s12874-024-02406-z"
"39692087","Nonparametric Estimation for Propensity Scores With Misclassified Treatments","Chen LP.","Stat Med. 2025 Jan 15;44(1-2):e10306. doi: 10.1002/sim.10306. Epub 2024 Dec 18.","Chen LP","Stat Med","2025","2024/12/18","","","10.1002/sim.10306"
"39875810","Propensity Score Matching: should we use it in designing observational studies?","Wan F.","BMC Med Res Methodol. 2025 Jan 29;25(1):25. doi: 10.1186/s12874-025-02481-w.","Wan F","BMC Med Res Methodol","2025","2025/01/28","PMC11776168","","10.1186/s12874-025-02481-w"
"39937387","Causal Effect of Count Treatment on Ordinal Outcome Using Generalized Propensity Score: Application to Number of Antenatal Care and Age Specific Childhood Vaccination","Iyassu AS, Fenta HM, Dessie ZG, Zewotir TT.","J Epidemiol Glob Health. 2025 Feb 12;15(1):23. doi: 10.1007/s44197-025-00344-7.","Iyassu AS","J Epidemiol Glob Health","2025","2025/02/12","PMC11822178","","10.1007/s44197-025-00344-7"
"39948447","A doubly robust estimator for continuous treatments in high dimensions","Gao Q, Wang J, Fang R, Sun H, Wang T.","BMC Med Res Methodol. 2025 Feb 13;25(1):35. doi: 10.1186/s12874-025-02488-3.","Gao Q","BMC Med Res Methodol","2025","2025/02/13","PMC11823051","","10.1186/s12874-025-02488-3"
"39965841","[A simulation study for handling two-way treatment switching in rare event scenarios]","Wu WK, He Q, Yao MH, Xu JY, Wang W, Sun X.","Zhonghua Liu Xing Bing Xue Za Zhi. 2025 Feb 10;46(2):334-344. doi: 10.3760/cma.j.cn112338-20240522-00295.","Wu WK","Zhonghua Liu Xing Bing Xue Za Zhi","2025","2025/02/18","","","10.3760/cma.j.cn112338-20240522-00295"
"40025432","Addressing challenges with Matching-Adjusted Indirect Comparisons to demonstrate the comparative effectiveness of entrectinib in metastatic ROS-1 positive Non-Small Cell Lung Cancer","Esnault C, Baschet L, Barbet V, Chenuc G, Pérol M, Thokagevistk K, Pau D, Monnereau M, Bosquet L, Filleron T.","BMC Med Res Methodol. 2025 Mar 1;25(1):57. doi: 10.1186/s12874-025-02500-w.","Esnault C","BMC Med Res Methodol","2025","2025/03/02","PMC11872303","","10.1186/s12874-025-02500-w"
"40072429","Estimation and Hypothesis Testing of Strain-Specific Vaccine Efficacy With Missing Strain Types With Application to a COVID-19 Vaccine Trial","Heng F, Sun Y, Li L, B Gilbert P.","Stat Med. 2025 Mar 15;44(6):e10345. doi: 10.1002/sim.10345.","Heng F","Stat Med","2025","2025/03/12","PMC11906172","NIHMS2050383","10.1002/sim.10345"
"40192015","Estimating weighted quantile treatment effects with missing outcome data by double sampling","Sun S, Haneuse S, Levis AW, Lee C, Arterburn DE, Fischer H, Shortreed S, Mukherjee R.","Biometrics. 2025 Apr 2;81(2):ujaf038. doi: 10.1093/biomtc/ujaf038.","Sun S","Biometrics","2025","2025/04/07","PMC11973573","","10.1093/biomtc/ujaf038"
"40195067","Bayesian Proactive Dynamic Borrowing Utilizing Propensity Score Overlap for a Hybrid Control Arm and the Impacts of Various Biases: A Simulation Study","Wang K, Cao H, Yao C.","J Evid Based Med. 2025 Jun;18(2):e70022. doi: 10.1111/jebm.70022.","Wang K","J Evid Based Med","2025","2025/04/08","","","10.1111/jebm.70022"
"40205184","Efficacy of reverse shoulder arthroplasty compared with superior capsular reconstruction in patients with posterosuperior irreparable rotator cuff tears without arthritis: a propensity score matching study","Baek CH, Lim C, Kim JG, Kim BT, Kim SJ.","Arch Orthop Trauma Surg. 2025 Apr 9;145(1):231. doi: 10.1007/s00402-025-05861-5.","Baek CH","Arch Orthop Trauma Surg","2025","2025/04/09","","","10.1007/s00402-025-05861-5"
"40243184","PS-SAM: propensity-score-integrated self-adapting mixture prior to dynamically and efficiently borrow information from historical data","Zhao Y, Yang P, Laird G, Chen J, Yuan Y.","J Biopharm Stat. 2025 Oct;35(6):1067-1082. doi: 10.1080/10543406.2025.2489284. Epub 2025 Apr 17.","Zhao Y","J Biopharm Stat","2025","2025/04/17","PMC12353383","NIHMS2078480","10.1080/10543406.2025.2489284"
"40276874","Selection Biases in Perinatal Research: A Comparison of Inverse Probability Weighting, Instrumental Variable and Sibling-Comparison Design","Dib BN, Caniglia EC, Brummel S, Shapiro R, Swanson SA.","Paediatr Perinat Epidemiol. 2026 Feb;40(2):147-157. doi: 10.1111/ppe.70021. Epub 2025 Apr 25.","Dib BN","Paediatr Perinat Epidemiol","2026","2025/04/25","PMC12353985","NIHMS2070977","10.1111/ppe.70021"
"40342636","Exploring the metabolic signature of intermittent explosive disorder: Preliminary evidence and potential mechanisms for altered bilirubin metabolism","Schwimmer JB, Stein MB, Coccaro EF, Meruelo AD.","Compr Psychoneuroendocrinol. 2025 Apr 22;22:100294. doi: 10.1016/j.cpnec.2025.100294. eCollection 2025 May.","Schwimmer JB","Compr Psychoneuroendocrinol","2025","2025/05/09","PMC12060501","","10.1016/j.cpnec.2025.100294"
"40426044","Comparison of methods to handle missing values in a continuous index test in a diagnostic accuracy study - a simulation study","Stahlmann K, Kellerhuis B, Reitsma JB, Dendukuri N, Zapf A.","BMC Med Res Methodol. 2025 May 27;25(1):147. doi: 10.1186/s12874-025-02594-2.","Stahlmann K","BMC Med Res Methodol","2025","2025/05/27","PMC12107930","","10.1186/s12874-025-02594-2"
"40454311","Evaluating the Clinical Benefit of Carbapenem-Resistant Enterobacteriaceae Screening in a Tertiary Care Center in Saudi Arabia","Mahmoud E, Alhameed AF, Almukhtar A, Desai S.","Infect Drug Resist. 2025 May 26;18:2679-2686. doi: 10.2147/IDR.S518397. eCollection 2025.","Mahmoud E","Infect Drug Resist","2025","2025/06/02","PMC12124297","","10.2147/IDR.S518397"
"40457713","Use of Machine Learning to Compare Disease Risk Scores and Propensity Scores Across Complex Confounding Scenarios: A Simulation Study","Guo Y, Strauss VY, Khalid S, Prieto-Alhambra D.","Pharmacoepidemiol Drug Saf. 2025 Jun;34(6):e70165. doi: 10.1002/pds.70165.","Guo Y","Pharmacoepidemiol Drug Saf","2025","2025/06/03","PMC12130674","","10.1002/pds.70165"
"40478856","Instability of estimation results based on caliper matching with propensity scores","Maruo K, Yamaguchi Y, Ishii R, Gosho M.","PLoS One. 2025 Jun 6;20(6):e0325317. doi: 10.1371/journal.pone.0325317. eCollection 2025.","Maruo K","PLoS One","2025","2025/06/06","PMC12143538","","10.1371/journal.pone.0325317"
"40568794","Bayesian dynamic power prior borrowing for augmenting a control arm for survival analysis","Wang J, Sengupta S, Tiwari R.","J Biopharm Stat. 2025 Jun 26:1-22. doi: 10.1080/10543406.2025.2519153. Online ahead of print.","Wang J","J Biopharm Stat","2025","2025/06/26","","","10.1080/10543406.2025.2519153"
"40642290","Communication-Efficient Distributed Estimation of Causal Effects With High-Dimensional Data","Wang X, Tong J, Peng S, Chen Y, Ning Y.","Stat. 2024 Sep;13(3):e70006. doi: 10.1002/sta4.70006. Epub 2024 Sep 9.","Wang X","Stat","2024","2025/07/11","PMC12245182","NIHMS2087382","10.1002/sta4.70006"
"40672084","Impact of postoperative chemotherapy on the prognosis of combined hepatocellular-cholangiocarcinoma: a retrospective study based on the SEER database","Lu Y, Zheng L, Mei H.","J Gastrointest Oncol. 2025 Jun 30;16(3):1220-1232. doi: 10.21037/jgo-2024-1022. Epub 2025 Jun 27.","Lu Y","J Gastrointest Oncol","2025","2025/07/17","PMC12261036","","10.21037/jgo-2024-1022"
"40688312","Impact of platinum-based adjuvant chemotherapy on the effectiveness of IB-IIIA non-small cell lung adenocarcinoma with varying EGFR mutation statuses: a propensity score matching analysis","Xiao Y, Wang Z, Yang X, Ning W, Deng X, Xu G.","J Thorac Dis. 2025 Jun 30;17(6):3924-3934. doi: 10.21037/jtd-2025-107. Epub 2025 Jun 23.","Xiao Y","J Thorac Dis","2025","2025/07/21","PMC12268505","","10.21037/jtd-2025-107"
"40739943","A Tutorial on Improving RCT Power Using Prognostic Score Adjustment for Linear Models","Højbjerre-Frandsen E, Jeppesen ML, Jensen RK, Dethlefsen C, Waagepetersen R.","Pharm Stat. 2025 Sep-Oct;24(5):e70028. doi: 10.1002/pst.70028.","Højbjerre-Frandsen E","Pharm Stat","2025","2025/07/31","","","10.1002/pst.70028"
"40772805","Assessing Covariate Balance With Small Sample Sizes","Hripcsak G, Zhang L, Chen Y, Li K, Suchard MA, Ryan PB, Schuemie MJ.","Stat Med. 2025 Aug;44(18-19):e70212. doi: 10.1002/sim.70212.","Hripcsak G","Stat Med","2025","2025/08/07","PMC13036809","NIHMS2156371","10.1002/sim.70212"
"40775986","Correcting Performance Metrics Bias During Generalization from Biased Samples to Populations","Han P, Zhang G, Vydiswaran VGV.","Stud Health Technol Inform. 2025 Aug 7;329:891-895. doi: 10.3233/SHTI250968.","Han P","Stud Health Technol Inform","2025","2025/08/08","","","10.3233/SHTI250968"
"40809273","Real-world efficacy of atezolizumab combined with etoposide and platinum chemotherapy in extensive-stage small cell lung cancer: a retrospective cohort study","Jing Y, Zhao Y, Zhou Z, Li X, Dempke WCM, Hofman P, Wang M, Sun D.","J Thorac Dis. 2025 Jul 31;17(7):5210-5222. doi: 10.21037/jtd-2025-1049. Epub 2025 Jul 25.","Jing Y","J Thorac Dis","2025","2025/08/14","PMC12340325","","10.21037/jtd-2025-1049"
"40809738","Role of placebo samples in observational studies","Ye T, He Q, Chen S, Zhang B.","J Causal Inference. 2025 Jan;13(1):20230020. doi: 10.1515/jci-2023-0020. Epub 2025 Mar 5.","Ye T","J Causal Inference","2025","2025/08/14","PMC12345972","NIHMS2051913","10.1515/jci-2023-0020"
"40820181","Causal effect estimation on restricted mean survival time under case-cohort design via propensity score stratification","Lu WE, Ni A.","Lifetime Data Anal. 2025 Oct;31(4):898-931. doi: 10.1007/s10985-025-09667-w. Epub 2025 Aug 18.","Lu WE","Lifetime Data Anal","2025","2025/08/17","PMC12586416","","10.1007/s10985-025-09667-w"
"40956270","Surgical vs Percutaneous Spinal Cord Stimulation for Persistent Spinal Pain Syndrome Type 2: A Digital Pain Mapping and Pain Coverage Quantitative Assessment Combined With Multidimensional Clinical Outcome Study","Taïbi T, Billot M, Ounajim A, Moens M, Goudman L, Bouche B, Page P, Roulaud M, David R, Rigoard P.","Neuromodulation. 2026 Jan;29(1):139-149. doi: 10.1016/j.neurom.2025.07.009. Epub 2025 Sep 16.","Taïbi T","Neuromodulation","2026","2025/09/16","","","10.1016/j.neurom.2025.07.009"
"40988329","Causal Machine Learning Methods and Use of Cross-Fitting in Settings With High-Dimensional Confounding","Ellul S, Vansteelandt S, Carlin JB, Moreno-Betancur M.","Stat Med. 2025 Sep;44(20-22):e70272. doi: 10.1002/sim.70272.","Ellul S","Stat Med","2025","2025/09/24","PMC12457817","","10.1002/sim.70272"
"41020767","Association between rivaroxaban and the prognosis of patients with acute myocardial infarction and new-onset atrial fibrillation","Zheng Y, Liu Y, Zheng X, Tse G, Lip GYH, Chen KY, Liu T.","Postgrad Med J. 2026 Feb 13;102(1205):271-282. doi: 10.1093/postmj/qgaf163.","Zheng Y","Postgrad Med J","2026","2025/09/29","","","10.1093/postmj/qgaf163"
"41077695","Doubly Robust Estimators for Heterogeneous Treatment Effects in Heteroskedastic Survival Data","Yang Y, Hu W, Liao Z, Chen F.","Stat Med. 2025 Oct;44(23-24):e70301. doi: 10.1002/sim.70301.","Yang Y","Stat Med","2025","2025/10/13","","","10.1002/sim.70301"
"41079020","Spinal cord stimulation for the treatment of painful diabetic neuropathy and risk of major adverse cardiovascular events, mortality, amputation, infection and suicide: a retrospective cohort study","Henney AE, Frank B, Riley DR, Anson M, Burgess J, Hernadez G, Lip GYH, Malik RA, Tesfaye S, Cuthbertson DJ, Alam U.","EClinicalMedicine. 2025 Sep 26;89:103489. doi: 10.1016/j.eclinm.2025.103489. eCollection 2025 Nov.","Henney AE","EClinicalMedicine","2025","2025/10/13","PMC12508579","","10.1016/j.eclinm.2025.103489"
"41103314","Impact of iodine nutritional levels in urban and rural pregnant women on neonatal growth indicators: a cohort study in Xinjiang, China","Zhou J, Tayier R, Abuduwaili D, Muhetaer D, Wang C, Pan K.","Front Nutr. 2025 Oct 1;12:1668818. doi: 10.3389/fnut.2025.1668818. eCollection 2025.","Zhou J","Front Nutr","2025","2025/10/17","PMC12520962","","10.3389/fnut.2025.1668818"
"41166759","Enhanced doubly robust estimate with semiparametric models for causal inference of survival outcome","Wu T, Yuan A, Tan M.","Int J Biostat. 2025 Oct 31;21(2):285-298. doi: 10.1515/ijb-2023-0131. eCollection 2025 Nov 1.","Wu T","Int J Biostat","2025","2025/10/30","","","10.1515/ijb-2023-0131"
"41172039","Using inverse probability of censoring weighting to estimate hypothetical estimands in clinical trials: Should we implement stabilisation, and if so how?","Xuan J, Mt-Isa S, Latimer NR, Bell Gorrod H, Malbecq W, Vandormael K, Yorke-Edwards V, White IR.","Stat Methods Med Res. 2026 Jan;35(1):40-60. doi: 10.1177/09622802251387456. Epub 2025 Oct 31.","Xuan J","Stat Methods Med Res","2026","2025/10/31","PMC12783383","","10.1177/09622802251387456"
"41184919","Causal Forests Versus Inverse Probability of Treatment Weighting to Adjust for Cluster-Level Confounding: A Parametric and Plasmode Simulation Study Based on US Hospital Electronic Health Record Data","Du M, Johnston S, Coplan PM, Strauss VY, Khalid S, Prieto-Alhambra D.","Pharmacoepidemiol Drug Saf. 2025 Nov;34(11):e70257. doi: 10.1002/pds.70257.","Du M","Pharmacoepidemiol Drug Saf","2025","2025/11/04","PMC12583492","","10.1002/pds.70257"
"41198438","Initial Clinical Outcomes of Hypothermic Machine Perfusion in Deceased Donor Kidney Transplantation: A Pilot Comparative Feasibility Study from South Korea","Chang WB, Baik J, Kim M.","Transplant Proc. 2025 Dec;57(10):1863-1868. doi: 10.1016/j.transproceed.2025.10.009. Epub 2025 Nov 5.","Chang WB","Transplant Proc","2025","2025/11/06","","","10.1016/j.transproceed.2025.10.009"
"41268967","Association Between a Co-Designed Dashboard and Use of Costly Health Services in Patients With Chronic Kidney Disease and Advanced Cancer: Propensity Score-Adjusted Difference-in-Differences Study","Amagai S, Harris A, Mohindra N, Kircher S, Linder JA, Aggarwal V, Peipert JD, Bedjeti K, Mai Q, Barnard C, Coughlin A, O'Connor M, Morken V, Cella D, Jordan N.","J Med Internet Res. 2025 Nov 21;27:e70430. doi: 10.2196/70430.","Amagai S","J Med Internet Res","2025","2025/11/21","PMC12680935","","10.2196/70430"
"41322057","Effect of anticoagulation on isolated traumatic brain injury mortality using TQIP database: a propensity score analysis stratified by head injury severity","Kulvatunyou N, Bauman ZM, Ramirez AD, Cordy B, Sherman WS, Jarrin G, Tompeck A, Dabrowski P, Feinstein A, Keric N.","Trauma Surg Acute Care Open. 2025 Nov 23;10(4):e001839. doi: 10.1136/tsaco-2025-001839. eCollection 2025.","Kulvatunyou N","Trauma Surg Acute Care Open","2025","2025/12/01","PMC12658513","","10.1136/tsaco-2025-001839"
"41402178","Comparison of Postoperative Adjuvant CTACE vs DEB-TACE Combined with Tislelizumab and Lenvatinib in BCLC Stage B/C Hepatocellular Carcinoma: A Propensity Score-Matched Analysis of Survival Outcomes","Shi Y, Yang L, Li X, Zhang H, Jiang H, Chen K, Shi Z.","Acad Radiol. 2026 Mar;33(3):990-1004. doi: 10.1016/j.acra.2025.11.046. Epub 2025 Dec 16.","Shi Y","Acad Radiol","2026","2025/12/16","","","10.1016/j.acra.2025.11.046"
"41478544","Uterine incision-to-delivery interval and neonatal outcomes among nonurgent, term, cesarean deliveries","Bart Y, Sibai BM, Fishel Bartal M, Mazaki-Tovi S, Yoeli R.","Am J Obstet Gynecol. 2026 May;234(5):1459-1469. doi: 10.1016/j.ajog.2025.12.059. Epub 2025 Dec 30.","Bart Y","Am J Obstet Gynecol","2026","2026/01/01","","","10.1016/j.ajog.2025.12.059"
"41521094","Comparison of the Oncologic Outcomes of Cryoablation, Laser Ablation, and Hyperthermia for Localized Prostate Cancer: A Population-Based Cohort Study Using the SEER Database","Guo RQ, Sun J, Bie ZX, Li YM.","Clin Genitourin Cancer. 2026 Feb;24(1):102490. doi: 10.1016/j.clgc.2025.102490. Epub 2025 Dec 19.","Guo RQ","Clin Genitourin Cancer","2026","2026/01/11","","","10.1016/j.clgc.2025.102490"
"41522143","Segmentectomy versus lobectomy for stage I non-small cell lung cancer: a real-world propensity score-matched analysis","Kanani F, Rozenblum R, Mahajna N, Aotman K, Salhab A, Shimonov M, Nugzar R, Abu Akar F.","J Thorac Dis. 2025 Dec 31;17(12):11118-11130. doi: 10.21037/jtd-2025-1715. Epub 2025 Dec 29.","Kanani F","J Thorac Dis","2025","2026/01/12","PMC12780387","","10.21037/jtd-2025-1715"
"41573163","Electroacupuncture to Improve Bowel Function in Patients with LARS after Low Anterior Resection for Rectal Cancer: Protocol of a Multicenter Cohort Study","Wang M, Liu H, He L, Xu J, Hou W, Wang F, Cao X, Wang X, Lyu Y, Chen H, Liu J.","Med Acupunct. 2025 Dec 8;37(6):459-465. doi: 10.1089/acu.2024.0070. eCollection 2025 Dec.","Wang M","Med Acupunct","2025","2026/01/23","PMC12820657","","10.1089/acu.2024.0070"
"41649932","A hybrid prior Bayesian method for combining domestic real-world data and overseas data in global drug development","Chen K, Zheng Z, Zhu P, Jiang S, Li N, Deng J, Chen P, Wu Z, Wu Y.","Stat Methods Med Res. 2026 Mar;35(3):552-570. doi: 10.1177/09622802251414586. Epub 2026 Feb 6.","Chen K","Stat Methods Med Res","2026","2026/02/06","","","10.1177/09622802251414586"
"41663935","BIRTH: Bayesian integration of real-world data for trials with hybrid arms","Wang W, Chen X, Li B, Jiang L, Yan F.","BMC Med Res Methodol. 2026 Feb 9;26(1):58. doi: 10.1186/s12874-026-02789-1.","Wang W","BMC Med Res Methodol","2026","2026/02/09","PMC12983839","","10.1186/s12874-026-02789-1"
"41665316","Sample Size Re-Estimation in Blinded Hybrid-Control Design Using Inverse Probability Weighting","Kojima M, Orihara S, Hanada K, Ohigashi T.","Stat Med. 2026 Feb;45(3-5):e70429. doi: 10.1002/sim.70429.","Kojima M","Stat Med","2026","2026/02/10","","","10.1002/sim.70429"
"41722488","Progression-free survival with darolutamide and docetaxel vs. androgen receptor pathway inhibitors vs. docetaxel in metastatic hormone-sensitive prostate cancer: A real-world multicenter retrospective study","Rinderknecht E, Bielstein G, Cathomas R, Schlack K, Bastian JLD, Darr C, Unland-Gies D, Kappler P, Paffenholz P, Richter J, Müller M, Seitz AK, Steinestel J, Heidegger I, Burger M, Breyer J, Schnabel MJ.","Urol Oncol. 2026 Apr;44(4):111028. doi: 10.1016/j.urolonc.2026.111028. Epub 2026 Feb 20.","Rinderknecht E","Urol Oncol","2026","2026/02/21","","","10.1016/j.urolonc.2026.111028"
"41762058","Machine learning to optimize precision in the analysis of randomized trials: A journey in pre-specified, yet data-adaptive learning","Balzer LB, van der Laan MJ, Petersen ML.","Clin Trials. 2026 Feb 28:17407745261417227. doi: 10.1177/17407745261417227. Online ahead of print.","Balzer LB","Clin Trials","2026","2026/02/28","PMC12952679","NIHMS2135708","10.1177/17407745261417227"
"41778865","Effectiveness of Qingdu Suppository on Persistent HR-HPV and Associated Factors: A Retrospective Study","Qiao X, Fu H, Geng W, Lou J.","J Low Genit Tract Dis. 2026 Mar 4. doi: 10.1097/LGT.0000000000000937. Online ahead of print.","Qiao X","J Low Genit Tract Dis","2026","2026/03/04","","","10.1097/LGT.0000000000000937"
"41912120","Comparative outcomes of daptomycin and linezolid in vancomycin-resistant enterococcal intra-abdominal infections with bacteraemia","Tsai TY, Chuang YC, Yang JL, Lin CY, Huang SH, Wang JT, Chen YC, Chang SC.","Int J Antimicrob Agents. 2026 Mar 28;67(7):107792. doi: 10.1016/j.ijantimicag.2026.107792. Online ahead of print.","Tsai TY","Int J Antimicrob Agents","2026","2026/03/30","","","10.1016/j.ijantimicag.2026.107792"
"41930884","Association between full-scope practice, schedule balance, and burnout among nurses in health professional shortage areas: A cross-sectional study","Li X, Zhu J, Park JM, Hong YR.","Int J Nurs Stud. 2026 Jul;179:105516. doi: 10.1016/j.ijnurstu.2026.105516. Epub 2026 Mar 14.","Li X","Int J Nurs Stud","2026","2026/04/03","","","10.1016/j.ijnurstu.2026.105516"
"41933357","Single-stage open window thoracostomy with simultaneous muscle flap transposition and early negative pressure wound therapy for chronic empyema: a propensity score- and machine learning-based study","Hayashi D, Kojima K, Tokunaga T, Okishio K, Yoon H.","J Cardiothorac Surg. 2026 Apr 3;21(1):235. doi: 10.1186/s13019-026-03997-y.","Hayashi D","J Cardiothorac Surg","2026","2026/04/03","PMC13173702","","10.1186/s13019-026-03997-y"
"41939429","Efficacy and Cost-Effectiveness Analyses of Entecavir versus Tenofovir Amibufenamide in Patients with Chronic Hepatitis B","Zeng Y, Jiang D, Guo L, Chen Y, Weng J, Liu X, Qin S, Kong M, Zhou Z, Zhang X.","Drug Des Devel Ther. 2026 Jan 8;20:553277. doi: 10.2147/DDDT.S553277. eCollection 2026.","Zeng Y","Drug Des Devel Ther","2026","2026/04/06","PMC13045854","","10.2147/DDDT.S553277"
"41960340","Post-matching analysis after coarsened exact matching: implications of coarsening for residual confounding and model dependence","Wan F.","Res Sq [Preprint]. 2026 Apr 3:rs.3.rs-9076964. doi: 10.21203/rs.3.rs-9076964/v1.","Wan F","Res Sq","2026","2026/04/10","PMC13060533","","10.21203/rs.3.rs-9076964/v1"
"41988251","Experience with H anastomosis and its perioperative management protocol in minimally invasive esophagectomy: a propensity score-matched comparison with stapled non-enhanced recovery after surgery pathway","Zhang Z, Tang D, Hu Y, Zhao J, Xu Z.","J Thorac Dis. 2026 Mar 31;18(3):224. doi: 10.21037/jtd-2025-1-2589. Epub 2026 Mar 18.","Zhang Z","J Thorac Dis","2026","2026/04/16","PMC13077397","","10.21037/jtd-2025-1-2589"
"42067795","Optimization of surgical strategies and clinical efficacy analysis for infected classic preauricular fistula","Pan X, Lin X, Huo Y, Liu Y.","BMC Surg. 2026 May 1. doi: 10.1186/s12893-026-03794-3. Online ahead of print.","Pan X","BMC Surg","2026","2026/05/01","","","10.1186/s12893-026-03794-3"
"42095276","Abbreviated DAPT after PCI with drug coated balloons in acute coronary syndromes - insights from the SWEDEHEART registry","Håkansson A, von Koch S, Dahlgren A, Reitan C, Koul S, James S, Jernberg T, Grimfjärd P, Omerovic E, Angerås O, Erlinge D, Mohammad MA.","Eur Heart J Cardiovasc Pharmacother. 2026 May 7:pvag032. doi: 10.1093/ehjcvp/pvag032. Online ahead of print.","Håkansson A","Eur Heart J Cardiovasc Pharmacother","2026","2026/05/07","","","10.1093/ehjcvp/pvag032"
"42104833","Covariate adjustment in randomized clinical trials: From general theory to practical insights","Bannick MS, Yi Y, Ye T.","Clin Trials. 2026 May 9:17407745261442586. doi: 10.1177/17407745261442586. Online ahead of print.","Bannick MS","Clin Trials","2026","2026/05/09","","","10.1177/17407745261442586"
"42139302","Protective factors against acute kidney injury in children exposed to diethylene glycol-contaminated medicines: A case-case-control analysis from The Gambia outbreak","Barrow A, Bittaye M, Bittaye SO, Oguche SM.","PLOS Glob Public Health. 2026 May 15;6(5):e0005512. doi: 10.1371/journal.pgph.0005512. eCollection 2026.","Barrow A","PLOS Glob Public Health","2026","2026/05/15","PMC13178974","","10.1371/journal.pgph.0005512"
"42186819","Doubly Robust Estimators of the Restricted Mean Time in Favor Estimands in Individual- and Cluster-Randomized Trials","Fang X, Wang B, Tong G, Hu L, Ma S, Li F.","Stat Med. 2026 Jun;45(13-14):e70599. doi: 10.1002/sim.70599.","Fang X","Stat Med","2026","2026/05/26","","","10.1002/sim.70599"
"42192417","Effect comparison between a new hypofractionated radiotherapy regimen and conventional moderately hypofractionated regimen for localized prostate cancer","Han Y, Zhong S, Dong X, Zhang M, Li Y, Shou J, Bi X, Wang S, Zhang W, Lu N, Fang H, Tang Y, Chen B, Qi S, Niu L, Liu Y.","Radiat Oncol. 2026 May 26. doi: 10.1186/s13014-026-02852-7. Online ahead of print.","Han Y","Radiat Oncol","2026","2026/05/27","","","10.1186/s13014-026-02852-7"
